date,country_code,country,sector,pay_transparency_pct,pay_transparency_pct_3ma
2020-01-01,US,United States,Accounting,13.842790420351783,NA
2020-01-01,US,United States,Administrative Assistance,21.322190005116834,NA
2020-01-01,US,United States,Architecture,13.52624901830484,NA
2020-01-01,US,United States,Arts & Entertainment,12.744631585625019,NA
2020-01-01,US,United States,Aviation,17.789446721311474,NA
2020-01-01,US,United States,Banking & Finance,6.00690994824953,NA
2020-01-01,US,United States,Childcare,40.56164172195649,NA
2020-01-01,US,United States,Civil Engineering,11.342640114966127,NA
2020-01-01,US,United States,Cleaning & Sanitation,25.459842672623097,NA
2020-01-01,US,United States,Community & Social Service,24.597214913168443,NA
2020-01-01,US,United States,Construction,31.67175360710322,NA
2020-01-01,US,United States,Customer Service,14.282267535720749,NA
2020-01-01,US,United States,Data & Analytics,4.808208875040292,NA
2020-01-01,US,United States,Dental,25.252604575676667,NA
2020-01-01,US,United States,Driving,26.014717741150072,NA
2020-01-01,US,United States,Education & Instruction,21.115061653680307,NA
2020-01-01,US,United States,Electrical Engineering,7.529710605098431,NA
2020-01-01,US,United States,Food Preparation & Service,10.141449826381258,NA
2020-01-01,US,United States,Hospitality & Tourism,13.357021319187268,NA
2020-01-01,US,United States,Human Resources,14.134733207084771,NA
2020-01-01,US,United States,"IT Infrastructure, Operations & Support",12.199807877041307,NA
2020-01-01,US,United States,IT Systems & Solutions,7.55210231947757,NA
2020-01-01,US,United States,Industrial Engineering,4.008274057031893,NA
2020-01-01,US,United States,Installation & Maintenance,19.666113009532072,NA
2020-01-01,US,United States,Insurance,20.055407490531632,NA
2020-01-01,US,United States,Legal,16.239656621974426,NA
2020-01-01,US,United States,Loading & Stocking,19.65486191854112,NA
2020-01-01,US,United States,Logistic Support,13.551855705861948,NA
2020-01-01,US,United States,Management,6.923554616311903,NA
2020-01-01,US,United States,Marketing,14.110492446716261,NA
2020-01-01,US,United States,Mechanical Engineering,7.171438964818376,NA
2020-01-01,US,United States,Media & Communications,17.015441872612712,NA
2020-01-01,US,United States,Medical Information,10.365379962048369,NA
2020-01-01,US,United States,Medical Technician,7.7412185689757536,NA
2020-01-01,US,United States,Nursing,8.432221856912383,NA
2020-01-01,US,United States,Personal Care & Home Health,22.444906644865767,NA
2020-01-01,US,United States,Pharmacy,6.106833493743984,NA
2020-01-01,US,United States,Physicians & Surgeons,6.915226443998533,NA
2020-01-01,US,United States,Production & Manufacturing,18.779073804068595,NA
2020-01-01,US,United States,Project Management,8.990483255862475,NA
2020-01-01,US,United States,Retail,7.067763960372475,NA
2020-01-01,US,United States,Sales,13.41356060665872,NA
2020-01-01,US,United States,Scientific Research & Development,5.4068574777766925,NA
2020-01-01,US,United States,Security & Public Safety,28.406659492308666,NA
2020-01-01,US,United States,Social Science,19.46475805196826,NA
2020-01-01,US,United States,Software Development,5.7211336006895115,NA
2020-01-01,US,United States,Therapy,16.1748239568041,NA
2020-02-01,US,United States,Accounting,14.170225856530665,NA
2020-02-01,US,United States,Administrative Assistance,22.498766776097572,NA
2020-02-01,US,United States,Architecture,15.138629018540566,NA
2020-02-01,US,United States,Arts & Entertainment,14.629414047341871,NA
2020-02-01,US,United States,Aviation,13.554434030281183,NA
2020-02-01,US,United States,Banking & Finance,7.153001542385047,NA
2020-02-01,US,United States,Childcare,44.81555636451887,NA
2020-02-01,US,United States,Civil Engineering,12.099000953863145,NA
2020-02-01,US,United States,Cleaning & Sanitation,28.06507357208259,NA
2020-02-01,US,United States,Community & Social Service,25.315614617940202,NA
2020-02-01,US,United States,Construction,34.25182101977107,NA
2020-02-01,US,United States,Customer Service,15.478837079215731,NA
2020-02-01,US,United States,Data & Analytics,5.317085214446952,NA
2020-02-01,US,United States,Dental,28.184460887949257,NA
2020-02-01,US,United States,Driving,27.3411581578906,NA
2020-02-01,US,United States,Education & Instruction,22.15782500607859,NA
2020-02-01,US,United States,Electrical Engineering,8.504267774947492,NA
2020-02-01,US,United States,Food Preparation & Service,11.960516659327755,NA
2020-02-01,US,United States,Hospitality & Tourism,15.759559979046623,NA
2020-02-01,US,United States,Human Resources,12.023914968999113,NA
2020-02-01,US,United States,"IT Infrastructure, Operations & Support",12.302525004830056,NA
2020-02-01,US,United States,IT Systems & Solutions,5.688812741925249,NA
2020-02-01,US,United States,Industrial Engineering,4.47795436532766,NA
2020-02-01,US,United States,Installation & Maintenance,21.965846321412826,NA
2020-02-01,US,United States,Insurance,21.89015099044189,NA
2020-02-01,US,United States,Legal,17.061670962469353,NA
2020-02-01,US,United States,Loading & Stocking,19.781418810145603,NA
2020-02-01,US,United States,Logistic Support,14.139567586570575,NA
2020-02-01,US,United States,Management,7.638419089897629,NA
2020-02-01,US,United States,Marketing,15.25298927378231,NA
2020-02-01,US,United States,Mechanical Engineering,8.023683135973867,NA
2020-02-01,US,United States,Media & Communications,19.3641256728001,NA
2020-02-01,US,United States,Medical Information,10.826794630698398,NA
2020-02-01,US,United States,Medical Technician,8.588044846813359,NA
2020-02-01,US,United States,Nursing,9.611709969557143,NA
2020-02-01,US,United States,Personal Care & Home Health,23.746288353678654,NA
2020-02-01,US,United States,Pharmacy,6.418234101730071,NA
2020-02-01,US,United States,Physicians & Surgeons,7.798023471278567,NA
2020-02-01,US,United States,Production & Manufacturing,20.195732584423588,NA
2020-02-01,US,United States,Project Management,9.656734583483592,NA
2020-02-01,US,United States,Retail,7.775913418414426,NA
2020-02-01,US,United States,Sales,14.418432686710403,NA
2020-02-01,US,United States,Scientific Research & Development,5.907723648401317,NA
2020-02-01,US,United States,Security & Public Safety,30.017536659079884,NA
2020-02-01,US,United States,Social Science,21.410775459358454,NA
2020-02-01,US,United States,Software Development,6.316411541457686,NA
2020-02-01,US,United States,Therapy,16.90098949796637,NA
2020-03-01,US,United States,Accounting,13.20134090873322,13.73811906187189
2020-03-01,US,United States,Administrative Assistance,22.250401719164426,22.023786166792945
2020-03-01,US,United States,Architecture,14.788732394366196,14.484536810403867
2020-03-01,US,United States,Arts & Entertainment,16.557047909166435,14.643697847377775
2020-03-01,US,United States,Aviation,12.442396313364055,14.595425688318905
2020-03-01,US,United States,Banking & Finance,7.477736418037035,6.879215969557205
2020-03-01,US,United States,Childcare,44.899595466307076,43.42559785092748
2020-03-01,US,United States,Civil Engineering,11.82573685025551,11.755792639694926
2020-03-01,US,United States,Cleaning & Sanitation,28.448028984155947,27.32431507628721
2020-03-01,US,United States,Community & Social Service,25.779472453671016,25.230767328259887
2020-03-01,US,United States,Construction,36.016919960869146,33.98016486258114
2020-03-01,US,United States,Customer Service,14.017585825515983,14.592896813484154
2020-03-01,US,United States,Data & Analytics,5.463906111603189,5.196400067030145
2020-03-01,US,United States,Dental,28.991111804147824,27.476059089257916
2020-03-01,US,United States,Driving,27.221444661127673,26.85910685338945
2020-03-01,US,United States,Education & Instruction,20.675598779163,21.316161812973963
2020-03-01,US,United States,Electrical Engineering,8.029162746942616,8.021047042329513
2020-03-01,US,United States,Food Preparation & Service,11.535590774512974,11.212519086740663
2020-03-01,US,United States,Hospitality & Tourism,16.540528048991852,15.219036449075247
2020-03-01,US,United States,Human Resources,13.491333142245084,13.21666043944299
2020-03-01,US,United States,"IT Infrastructure, Operations & Support",11.153870220887303,11.885401034252888
2020-03-01,US,United States,IT Systems & Solutions,5.6966702328300265,6.312528431410949
2020-03-01,US,United States,Industrial Engineering,4.6465912036637,4.377606542007751
2020-03-01,US,United States,Installation & Maintenance,23.88852193058694,21.840160420510614
2020-03-01,US,United States,Insurance,23.172538392050587,21.706032291008032
2020-03-01,US,United States,Legal,16.873844136994638,16.725057240479472
2020-03-01,US,United States,Loading & Stocking,21.1502336556702,20.19550479478564
2020-03-01,US,United States,Logistic Support,13.956986012934275,13.882803101788932
2020-03-01,US,United States,Management,7.44141743563058,7.334463713946704
2020-03-01,US,United States,Marketing,14.618037361539304,14.660506360679292
2020-03-01,US,United States,Mechanical Engineering,7.824776665590356,7.6732995887942
2020-03-01,US,United States,Media & Communications,17.916209229025746,18.098592258146187
2020-03-01,US,United States,Medical Information,11.223031760628139,10.805068784458301
2020-03-01,US,United States,Medical Technician,8.767080443446984,8.3654479530787
2020-03-01,US,United States,Nursing,10.112254716155931,9.385395514208485
2020-03-01,US,United States,Personal Care & Home Health,23.86015884545314,23.35045128133252
2020-03-01,US,United States,Pharmacy,6.942638347059674,6.48923531417791
2020-03-01,US,United States,Physicians & Surgeons,7.445397471040764,7.386215795439288
2020-03-01,US,United States,Production & Manufacturing,21.852413511763817,20.275739966752
2020-03-01,US,United States,Project Management,9.092088197146563,9.246435345497543
2020-03-01,US,United States,Retail,7.879005371795563,7.574227583527488
2020-03-01,US,United States,Sales,13.885153907167913,13.905715733512345
2020-03-01,US,United States,Scientific Research & Development,5.8908724024019135,5.735151176193308
2020-03-01,US,United States,Security & Public Safety,31.211686122729258,29.878627424705936
2020-03-01,US,United States,Social Science,18.589936727930098,19.821823413085607
2020-03-01,US,United States,Software Development,6.533283019455132,6.190276053867443
2020-03-01,US,United States,Therapy,16.718161789516166,16.597991748095545
2020-04-01,US,United States,Accounting,13.841413936504718,13.737660233922869
2020-04-01,US,United States,Administrative Assistance,19.33886877263079,21.362679089297597
2020-04-01,US,United States,Architecture,13.430227210008278,14.45252954097168
2020-04-01,US,United States,Arts & Entertainment,12.858098316798571,14.681520091102295
2020-04-01,US,United States,Aviation,12.133605998636673,12.710145447427303
2020-04-01,US,United States,Banking & Finance,7.020248020738457,7.216995327053514
2020-04-01,US,United States,Childcare,37.17817387147442,42.29777523410012
2020-04-01,US,United States,Civil Engineering,11.082220660576247,11.6689861548983
2020-04-01,US,United States,Cleaning & Sanitation,26.877193655421085,27.79676540388654
2020-04-01,US,United States,Community & Social Service,24.53893578175853,25.211340951123248
2020-04-01,US,United States,Construction,37.84338985411371,36.03737694491797
2020-04-01,US,United States,Customer Service,11.842903120481365,13.779775341737695
2020-04-01,US,United States,Data & Analytics,5.462892119357307,5.414627815135816
2020-04-01,US,United States,Dental,29.112672962881614,28.762748551659566
2020-04-01,US,United States,Driving,23.72769017294735,26.09676433065521
2020-04-01,US,United States,Education & Instruction,15.977750781620962,19.603724855620847
2020-04-01,US,United States,Electrical Engineering,8.226174738613148,8.253201753501086
2020-04-01,US,United States,Food Preparation & Service,9.180905852615016,10.892337762151916
2020-04-01,US,United States,Hospitality & Tourism,17.083851115450617,16.461313047829695
2020-04-01,US,United States,Human Resources,11.604863375546625,12.373370495596943
2020-04-01,US,United States,"IT Infrastructure, Operations & Support",10.491878193677039,11.316091139798132
2020-04-01,US,United States,IT Systems & Solutions,6.302349798524019,5.895944257759766
2020-04-01,US,United States,Industrial Engineering,4.9175801419223015,4.680708570304553
2020-04-01,US,United States,Installation & Maintenance,24.470806420668925,23.441724890889564
2020-04-01,US,United States,Insurance,26.72824645015477,23.930311944215745
2020-04-01,US,United States,Legal,16.290726817042607,16.742080638835535
2020-04-01,US,United States,Loading & Stocking,20.101615770343052,20.344422745386286
2020-04-01,US,United States,Logistic Support,14.591230551626591,14.229261383710481
2020-04-01,US,United States,Management,6.520051600903015,7.199962708810408
2020-04-01,US,United States,Marketing,13.383904089025881,14.418310241449168
2020-04-01,US,United States,Mechanical Engineering,8.263295430468254,8.037251744010826
2020-04-01,US,United States,Media & Communications,17.44627054361568,18.242201815147173
2020-04-01,US,United States,Medical Information,10.366665887686663,10.805497426337732
2020-04-01,US,United States,Medical Technician,8.585849754914818,8.646991681725055
2020-04-01,US,United States,Nursing,11.110205449366715,10.278056711693262
2020-04-01,US,United States,Personal Care & Home Health,23.463065092943133,23.689837430691643
2020-04-01,US,United States,Pharmacy,7.205639718014099,6.8555040556012825
2020-04-01,US,United States,Physicians & Surgeons,6.985713923215508,7.409711621844946
2020-04-01,US,United States,Production & Manufacturing,21.54227466312923,21.19680691977221
2020-04-01,US,United States,Project Management,8.638670823064745,9.129164534564968
2020-04-01,US,United States,Retail,6.5414424917390175,7.398787093983003
2020-04-01,US,United States,Sales,12.875640569338973,13.726409054405764
2020-04-01,US,United States,Scientific Research & Development,5.121460313664534,5.640018788155921
2020-04-01,US,United States,Security & Public Safety,28.509903938667357,29.913042240158834
2020-04-01,US,United States,Social Science,17.426463155766704,19.14239178101842
2020-04-01,US,United States,Software Development,6.801877470355731,6.550524010422849
2020-04-01,US,United States,Therapy,15.34041914137059,16.319856809617708
2020-05-01,US,United States,Accounting,19.681385187396533,15.574713344211494
2020-05-01,US,United States,Administrative Assistance,27.920898048586217,23.170056180127148
2020-05-01,US,United States,Architecture,18.720581942661532,15.646513849012
2020-05-01,US,United States,Arts & Entertainment,16.529709228824274,15.314951818263097
2020-05-01,US,United States,Aviation,13.315481986368063,12.630494766122931
2020-05-01,US,United States,Banking & Finance,10.160241834086836,8.219408757620776
2020-05-01,US,United States,Childcare,43.52799090650753,41.86858674809634
2020-05-01,US,United States,Civil Engineering,13.320840165534472,12.076265892122075
2020-05-01,US,United States,Cleaning & Sanitation,32.17793922030083,29.167720619959283
2020-05-01,US,United States,Community & Social Service,27.2239584786673,25.847455571365614
2020-05-01,US,United States,Construction,44.497822475643154,39.452710763541994
2020-05-01,US,United States,Customer Service,17.2589367848082,14.373141910268517
2020-05-01,US,United States,Data & Analytics,6.347019380913016,5.7579392039578385
2020-05-01,US,United States,Dental,44.288584474885845,34.130789747305094
2020-05-01,US,United States,Driving,29.922061841257797,26.957065558444274
2020-05-01,US,United States,Education & Instruction,16.334480884218156,17.662610148334036
2020-05-01,US,United States,Electrical Engineering,10.749731759656653,9.00168974840414
2020-05-01,US,United States,Food Preparation & Service,11.777241565939022,10.831246064355673
2020-05-01,US,United States,Hospitality & Tourism,18.413055711873945,17.345811625438806
2020-05-01,US,United States,Human Resources,15.480824270177445,13.525673595989717
2020-05-01,US,United States,"IT Infrastructure, Operations & Support",12.373511238470494,11.339753217678279
2020-05-01,US,United States,IT Systems & Solutions,7.363712508687827,6.4542441800139585
2020-05-01,US,United States,Industrial Engineering,5.606442490932563,5.056871278839521
2020-05-01,US,United States,Installation & Maintenance,30.20901821073072,26.18944885399553
2020-05-01,US,United States,Insurance,31.80383709863247,27.234873980279275
2020-05-01,US,United States,Legal,21.06790481717934,18.077491923738865
2020-05-01,US,United States,Loading & Stocking,25.508425334108075,22.253424920040448
2020-05-01,US,United States,Logistic Support,18.774243599689683,15.77415338808352
2020-05-01,US,United States,Management,8.385969311787846,7.449146116107148
2020-05-01,US,United States,Marketing,19.37128869951498,15.79107671669339
2020-05-01,US,United States,Mechanical Engineering,10.552604455720289,8.880225517259632
2020-05-01,US,United States,Media & Communications,21.647464069366908,19.003314614002775
2020-05-01,US,United States,Medical Information,15.743011280039235,12.444236309451346
2020-05-01,US,United States,Medical Technician,12.712012917923618,10.021647705428473
2020-05-01,US,United States,Nursing,13.365641611718926,11.529367259080525
2020-05-01,US,United States,Personal Care & Home Health,26.83211791290058,24.718447283765617
2020-05-01,US,United States,Pharmacy,7.910431770293918,7.352903278455898
2020-05-01,US,United States,Physicians & Surgeons,9.660623214333395,8.030578202863223
2020-05-01,US,United States,Production & Manufacturing,26.54157030659675,23.3120861604966
2020-05-01,US,United States,Project Management,11.3165379926859,9.682432337632404
2020-05-01,US,United States,Retail,9.473218354772172,7.964555406102252
2020-05-01,US,United States,Sales,18.499028917823253,15.086607798110046
2020-05-01,US,United States,Scientific Research & Development,5.757790073636477,5.590040929900975
2020-05-01,US,United States,Security & Public Safety,29.636849324958487,29.78614646211837
2020-05-01,US,United States,Social Science,21.379679144385026,19.132026342693944
2020-05-01,US,United States,Software Development,7.420581732366452,6.918580740725772
2020-05-01,US,United States,Therapy,18.59394545909432,16.884175463327022
2020-06-01,US,United States,Accounting,20.73600868213995,18.086269268680404
2020-06-01,US,United States,Administrative Assistance,29.6422375202958,25.634001447170935
2020-06-01,US,United States,Architecture,20.51660516605166,17.555804772907155
2020-06-01,US,United States,Arts & Entertainment,18.90270574267325,16.096837762765368
2020-06-01,US,United States,Aviation,14.007308160779536,13.152132048594758
2020-06-01,US,United States,Banking & Finance,11.714017791519883,9.631502548781727
2020-06-01,US,United States,Childcare,48.30445412990326,43.00353963596174
2020-06-01,US,United States,Civil Engineering,15.377897745315975,13.260319523808898
2020-06-01,US,United States,Cleaning & Sanitation,34.67205793109091,31.242396935604273
2020-06-01,US,United States,Community & Social Service,28.083016891449518,26.61530371729178
2020-06-01,US,United States,Construction,46.90500172121428,43.0820713503237
2020-06-01,US,United States,Customer Service,19.304083537339178,16.135307814209582
2020-06-01,US,United States,Data & Analytics,6.693192683754356,6.1677013946748955
2020-06-01,US,United States,Dental,43.838845284669404,39.08003424081228
2020-06-01,US,United States,Driving,33.42439853601846,29.024716850074537
2020-06-01,US,United States,Education & Instruction,18.3862179206702,16.899483195503105
2020-06-01,US,United States,Electrical Engineering,12.218133154901304,10.398013217723701
2020-06-01,US,United States,Food Preparation & Service,13.647124405700984,11.535090608085008
2020-06-01,US,United States,Hospitality & Tourism,20.510527962805668,18.66914493004341
2020-06-01,US,United States,Human Resources,16.3675896576114,14.48442576777849
2020-06-01,US,United States,"IT Infrastructure, Operations & Support",13.859154929577464,12.241514787241664
2020-06-01,US,United States,IT Systems & Solutions,7.922322507284487,7.196128271498779
2020-06-01,US,United States,Industrial Engineering,6.283293355347186,5.602438662734016
2020-06-01,US,United States,Installation & Maintenance,31.01617420421789,28.565332945205842
2020-06-01,US,United States,Insurance,33.4171658512049,30.64974979999738
2020-06-01,US,United States,Legal,22.153239354320355,19.837290329514108
2020-06-01,US,United States,Loading & Stocking,27.939685157279197,24.516575420576782
2020-06-01,US,United States,Logistic Support,20.343599413366857,17.903024521561047
2020-06-01,US,United States,Management,8.35768655414208,7.754569155610981
2020-06-01,US,United States,Marketing,19.448946515397083,17.401379767979318
2020-06-01,US,United States,Mechanical Engineering,11.249500998003992,10.021800294730845
2020-06-01,US,United States,Media & Communications,22.78565843851223,20.62646435049827
2020-06-01,US,United States,Medical Information,16.231621982860286,14.113766383528729
2020-06-01,US,United States,Medical Technician,13.478742249778566,11.592201640872332
2020-06-01,US,United States,Nursing,13.934388076652748,12.803411712579466
2020-06-01,US,United States,Personal Care & Home Health,28.63865904834159,26.311280684728434
2020-06-01,US,United States,Pharmacy,9.482247936495398,8.199439808267806
2020-06-01,US,United States,Physicians & Surgeons,10.312079634113532,8.986138923887479
2020-06-01,US,United States,Production & Manufacturing,28.674013863262353,25.58595294432945
2020-06-01,US,United States,Project Management,12.385859400784774,10.780356072178472
2020-06-01,US,United States,Retail,10.087651612239465,8.700770819583552
2020-06-01,US,United States,Sales,19.258964612982115,16.877878033381446
2020-06-01,US,United States,Scientific Research & Development,6.1372260512661665,5.672158812855726
2020-06-01,US,United States,Security & Public Safety,30.611846979761086,29.58620008112898
2020-06-01,US,United States,Social Science,21.59698208110657,20.13437479375277
2020-06-01,US,United States,Software Development,7.727811901769881,7.316757034830687
2020-06-01,US,United States,Therapy,20.946019827963262,18.29346147614272
2020-07-01,US,United States,Accounting,20.723570239066532,20.38032136953434
2020-07-01,US,United States,Administrative Assistance,29.79719119761141,29.120108922164476
2020-07-01,US,United States,Architecture,21.76476673218165,20.333984613631618
2020-07-01,US,United States,Arts & Entertainment,18.84825510090311,18.093556690800213
2020-07-01,US,United States,Aviation,15.33799533799534,14.220261828380979
2020-07-01,US,United States,Banking & Finance,11.956350899252307,11.276870174953011
2020-07-01,US,United States,Childcare,52.66790970762089,48.166784914677216
2020-07-01,US,United States,Civil Engineering,16.27568230604109,14.991473405630513
2020-07-01,US,United States,Cleaning & Sanitation,35.91439271061921,34.25479662067031
2020-07-01,US,United States,Community & Social Service,29.557867037386426,28.28828080250108
2020-07-01,US,United States,Construction,47.13463056703664,46.17915158796469
2020-07-01,US,United States,Customer Service,19.69133434756563,18.751451556571002
2020-07-01,US,United States,Data & Analytics,6.58677345268241,6.542328505783263
2020-07-01,US,United States,Dental,41.90153021526758,43.34298665827427
2020-07-01,US,United States,Driving,35.656760295461844,33.00107355757937
2020-07-01,US,United States,Education & Instruction,22.59130404377699,19.10400094955511
2020-07-01,US,United States,Electrical Engineering,11.941875825627477,11.636580246728478
2020-07-01,US,United States,Food Preparation & Service,14.580689052932993,13.335018341524338
2020-07-01,US,United States,Hospitality & Tourism,22.484169091220263,20.469250921966623
2020-07-01,US,United States,Human Resources,16.519783347103644,16.12273242496416
2020-07-01,US,United States,"IT Infrastructure, Operations & Support",14.082570689867444,13.4384122859718
2020-07-01,US,United States,IT Systems & Solutions,7.909853427094807,7.7319628143557075
2020-07-01,US,United States,Industrial Engineering,6.236796178928998,6.042177341736249
2020-07-01,US,United States,Installation & Maintenance,30.97408211316312,30.733091509370578
2020-07-01,US,United States,Insurance,32.439278796006555,32.553427248614646
2020-07-01,US,United States,Legal,23.21745416310705,22.146199444868923
2020-07-01,US,United States,Loading & Stocking,27.680068576069054,27.042726355818786
2020-07-01,US,United States,Logistic Support,21.229909154437458,20.115917389164668
2020-07-01,US,United States,Management,9.122350541420248,8.622002135783392
2020-07-01,US,United States,Marketing,19.29499072356215,19.371741979491407
2020-07-01,US,United States,Mechanical Engineering,11.28548349873067,11.029196317484983
2020-07-01,US,United States,Media & Communications,23.12167470538511,22.518265737754746
2020-07-01,US,United States,Medical Information,14.709840867706436,15.561491376868654
2020-07-01,US,United States,Medical Technician,13.182988439867435,13.124581202523204
2020-07-01,US,United States,Nursing,14.894764568647616,14.064931419006433
2020-07-01,US,United States,Personal Care & Home Health,30.339146437647884,28.603307799630016
2020-07-01,US,United States,Pharmacy,9.815722529006639,9.069467411931987
2020-07-01,US,United States,Physicians & Surgeons,10.94002804443965,10.304243630962192
2020-07-01,US,United States,Production & Manufacturing,29.975587703435803,28.397057291098307
2020-07-01,US,United States,Project Management,12.784151264074783,12.162182885848486
2020-07-01,US,United States,Retail,10.064954186305856,9.875274717772497
2020-07-01,US,United States,Sales,19.106340710537086,18.954778080447486
2020-07-01,US,United States,Scientific Research & Development,6.683580586435295,6.192865570445979
2020-07-01,US,United States,Security & Public Safety,30.1203560775757,30.123017460765094
2020-07-01,US,United States,Social Science,24.339430894308943,22.438697373266848
2020-07-01,US,United States,Software Development,7.743403093721565,7.630598909285965
2020-07-01,US,United States,Therapy,21.857178904870047,20.465714730642542
2020-08-01,US,United States,Accounting,21.034089023783267,20.831222648329916
2020-08-01,US,United States,Administrative Assistance,30.850932138347652,30.096786952084955
2020-08-01,US,United States,Architecture,23.50887999178729,21.930083963340206
2020-08-01,US,United States,Arts & Entertainment,20.858346498156923,19.53643578057776
2020-08-01,US,United States,Aviation,15.476190476190476,14.940497991655116
2020-08-01,US,United States,Banking & Finance,12.6451561055973,12.105174932123168
2020-08-01,US,United States,Childcare,58.91553373615307,53.29596585789239
2020-08-01,US,United States,Civil Engineering,17.205273069679848,16.28628437367897
2020-08-01,US,United States,Cleaning & Sanitation,37.59262174184258,36.059690794517564
2020-08-01,US,United States,Community & Social Service,30.267971276589478,29.302951735141807
2020-08-01,US,United States,Construction,49.71853904171339,47.91939044332144
2020-08-01,US,United States,Customer Service,20.547050187942634,19.847489357615814
2020-08-01,US,United States,Data & Analytics,6.589254958608811,6.623073698348527
2020-08-01,US,United States,Dental,44.50209454143364,43.41415668045687
2020-08-01,US,United States,Driving,40.04217113317916,36.37444332155315
2020-08-01,US,United States,Education & Instruction,27.204371834854513,22.727297933100562
2020-08-01,US,United States,Electrical Engineering,13.163040050457269,12.441016343662016
2020-08-01,US,United States,Food Preparation & Service,16.322696989430447,14.850170149354811
2020-08-01,US,United States,Hospitality & Tourism,24.785738772711692,22.593478608912545
2020-08-01,US,United States,Human Resources,16.85861713106295,16.581996711925992
2020-08-01,US,United States,"IT Infrastructure, Operations & Support",14.656190926275992,14.1993055152403
2020-08-01,US,United States,IT Systems & Solutions,7.954872779644743,7.929016238008013
2020-08-01,US,United States,Industrial Engineering,6.081833636203764,6.20064105682665
2020-08-01,US,United States,Installation & Maintenance,32.11003822212043,31.366764846500477
2020-08-01,US,United States,Insurance,36.83099374050891,34.22914612924012
2020-08-01,US,United States,Legal,26.396046807736617,23.922246775054685
2020-08-01,US,United States,Loading & Stocking,29.107392784775755,28.242382172708016
2020-08-01,US,United States,Logistic Support,25.046923879040666,22.206810815614997
2020-08-01,US,United States,Management,9.820975239853615,9.10033744513865
2020-08-01,US,United States,Marketing,19.708094878162903,19.48401070570738
2020-08-01,US,United States,Mechanical Engineering,12.139068945197407,11.558017813977358
2020-08-01,US,United States,Media & Communications,23.051964013568654,22.986432385821995
2020-08-01,US,United States,Medical Information,14.780671215708118,15.24071135542495
2020-08-01,US,United States,Medical Technician,13.413556438358427,13.358429042668142
2020-08-01,US,United States,Nursing,15.098742567501706,14.64263173760069
2020-08-01,US,United States,Personal Care & Home Health,31.711425095910922,30.229743527300133
2020-08-01,US,United States,Pharmacy,10.03517429651407,9.777714920672038
2020-08-01,US,United States,Physicians & Surgeons,11.555903049257232,10.936003575936804
2020-08-01,US,United States,Production & Manufacturing,31.258663823155473,29.96942179661788
2020-08-01,US,United States,Project Management,13.261721389001485,12.810577351287014
2020-08-01,US,United States,Retail,11.500005469681556,10.55087042274229
2020-08-01,US,United States,Sales,20.397771672002218,19.587692331840476
2020-08-01,US,United States,Scientific Research & Development,7.988975515828818,6.936594051176759
2020-08-01,US,United States,Security & Public Safety,30.61261039411679,30.448271150484526
2020-08-01,US,United States,Social Science,25.985401459854014,23.973938145089846
2020-08-01,US,United States,Software Development,7.896683784489511,7.789299593326985
2020-08-01,US,United States,Therapy,22.732826819143103,21.845341850658798
2020-09-01,US,United States,Accounting,17.726386646766777,19.82801530320553
2020-09-01,US,United States,Administrative Assistance,31.590878991609735,30.746334109189604
2020-09-01,US,United States,Architecture,24.88880293947012,23.387483221146358
2020-09-01,US,United States,Arts & Entertainment,20.669012475437555,20.125204691499196
2020-09-01,US,United States,Aviation,17.05253784505788,15.955574553081233
2020-09-01,US,United States,Banking & Finance,12.53828690857987,12.379931304476495
2020-09-01,US,United States,Childcare,59.487892620695916,57.02377868815662
2020-09-01,US,United States,Civil Engineering,17.297414415715732,16.926123263812226
2020-09-01,US,United States,Cleaning & Sanitation,38.42865296803653,37.31188914016611
2020-09-01,US,United States,Community & Social Service,31.891426158604087,30.57242149086
2020-09-01,US,United States,Construction,50.54851421876664,49.13389460917222
2020-09-01,US,United States,Customer Service,20.90030709310164,20.379563876203303
2020-09-01,US,United States,Data & Analytics,6.731720010408535,6.635916140566586
2020-09-01,US,United States,Dental,45.19276126763583,43.86546200811235
2020-09-01,US,United States,Driving,43.5294454321394,39.7427922869268
2020-09-01,US,United States,Education & Instruction,29.16303297428524,26.31956961763891
2020-09-01,US,United States,Electrical Engineering,14.009690380524697,13.038202085536481
2020-09-01,US,United States,Food Preparation & Service,17.09376270964585,15.999049584003101
2020-09-01,US,United States,Hospitality & Tourism,23.606893721789085,23.62560052857368
2020-09-01,US,United States,Human Resources,17.713850257191847,17.030750245119474
2020-09-01,US,United States,"IT Infrastructure, Operations & Support",15.335886859163228,14.691549491768889
2020-09-01,US,United States,IT Systems & Solutions,8.541131890966874,8.135286032568809
2020-09-01,US,United States,Industrial Engineering,6.6354388979738905,6.318022904368885
2020-09-01,US,United States,Installation & Maintenance,32.76001428598282,31.948044873755453
2020-09-01,US,United States,Insurance,33.26505103812235,34.178441191545936
2020-09-01,US,United States,Legal,26.16316310487393,25.258888025239212
2020-09-01,US,United States,Loading & Stocking,29.505895207602784,28.76445218948254
2020-09-01,US,United States,Logistic Support,26.41051333436103,24.229115455946385
2020-09-01,US,United States,Management,10.07615458325883,9.673160121510898
2020-09-01,US,United States,Marketing,20.205214146811908,19.73609991617899
2020-09-01,US,United States,Mechanical Engineering,13.552859618717505,12.325804020881861
2020-09-01,US,United States,Media & Communications,23.376263675391222,23.18330079811499
2020-09-01,US,United States,Medical Information,15.532559705745221,15.007690596386595
2020-09-01,US,United States,Medical Technician,13.681758046199056,13.426100974808307
2020-09-01,US,United States,Nursing,15.856659087430042,15.283388741193122
2020-09-01,US,United States,Personal Care & Home Health,33.401483263178996,31.817351598912598
2020-09-01,US,United States,Pharmacy,10.563717279992343,10.138204701837685
2020-09-01,US,United States,Physicians & Surgeons,12.145372725494033,11.547101273063639
2020-09-01,US,United States,Production & Manufacturing,32.801365282166,31.345205602919094
2020-09-01,US,United States,Project Management,14.283660297782605,13.44317765028629
2020-09-01,US,United States,Retail,12.155785260819053,11.240248305602151
2020-09-01,US,United States,Sales,20.934600271757816,20.146237551432378
2020-09-01,US,United States,Scientific Research & Development,7.686401495551736,7.452985865938615
2020-09-01,US,United States,Security & Public Safety,30.38367399519066,30.37221348896105
2020-09-01,US,United States,Social Science,27.993721724679162,26.106184692947377
2020-09-01,US,United States,Software Development,8.384652318226415,8.008246398812496
2020-09-01,US,United States,Therapy,24.613865985367553,23.067957236460227
2020-10-01,US,United States,Accounting,19.127093131338356,19.295856267296134
2020-10-01,US,United States,Administrative Assistance,31.804240946304436,31.415350692087276
2020-10-01,US,United States,Architecture,27.35012415750266,25.249269029586696
2020-10-01,US,United States,Arts & Entertainment,22.56662804171495,21.364662338436478
2020-10-01,US,United States,Aviation,17.93523969722456,16.82132267282431
2020-10-01,US,United States,Banking & Finance,13.411647968247365,12.865030327474848
2020-10-01,US,United States,Childcare,60.58496245173451,59.662796269527824
2020-10-01,US,United States,Civil Engineering,18.673901535203814,17.72552967353313
2020-10-01,US,United States,Cleaning & Sanitation,38.46387075117219,38.161715153683765
2020-10-01,US,United States,Community & Social Service,32.78146044325475,31.64695262614944
2020-10-01,US,United States,Construction,51.29696768228706,50.5213403142557
2020-10-01,US,United States,Customer Service,21.512168130043953,20.986508470362747
2020-10-01,US,United States,Data & Analytics,7.513081020202257,6.944685329739869
2020-10-01,US,United States,Dental,44.69004771788671,44.794967842318734
2020-10-01,US,United States,Driving,44.794267121832895,42.78862789571715
2020-10-01,US,United States,Education & Instruction,28.41151355622893,28.25963945512289
2020-10-01,US,United States,Electrical Engineering,14.906832298136646,14.026520909706202
2020-10-01,US,United States,Food Preparation & Service,17.798748797769363,17.07173616561522
2020-10-01,US,United States,Hospitality & Tourism,24.25933360096347,24.217322031821414
2020-10-01,US,United States,Human Resources,18.024822755909568,17.53243004805478
2020-10-01,US,United States,"IT Infrastructure, Operations & Support",16.551064754454583,15.514380846631267
2020-10-01,US,United States,IT Systems & Solutions,8.804439449283507,8.433481373298376
2020-10-01,US,United States,Industrial Engineering,7.273235002919448,6.663502512365702
2020-10-01,US,United States,Installation & Maintenance,32.968454158711545,32.61283555560493
2020-10-01,US,United States,Insurance,34.47875701115338,34.858267263261546
2020-10-01,US,United States,Legal,27.114737595040665,26.557982502550416
2020-10-01,US,United States,Loading & Stocking,30.761461495753252,29.791583162710605
2020-10-01,US,United States,Logistic Support,26.75224556192093,26.069894258440872
2020-10-01,US,United States,Management,10.427294307793321,10.10814137696859
2020-10-01,US,United States,Marketing,20.96411753760717,20.292475520860663
2020-10-01,US,United States,Mechanical Engineering,14.291207382722378,13.32771198221243
2020-10-01,US,United States,Media & Communications,24.873593214809983,23.76727363458995
2020-10-01,US,United States,Medical Information,15.92683100429429,15.413353975249214
2020-10-01,US,United States,Medical Technician,14.097223214668514,13.730845899742
2020-10-01,US,United States,Nursing,16.742952020677496,15.89945122520308
2020-10-01,US,United States,Personal Care & Home Health,35.071630078200386,33.39484614576343
2020-10-01,US,United States,Pharmacy,11.44328034682081,10.68072397444241
2020-10-01,US,United States,Physicians & Surgeons,12.304978971645639,12.002084915465636
2020-10-01,US,United States,Production & Manufacturing,33.277588418285276,32.44587250786892
2020-10-01,US,United States,Project Management,15.372794704335234,14.306058797039773
2020-10-01,US,United States,Retail,13.124016932945601,12.2599358878154
2020-10-01,US,United States,Sales,21.92043432918226,21.084268757647436
2020-10-01,US,United States,Scientific Research & Development,7.969485473137477,7.881620828172676
2020-10-01,US,United States,Security & Public Safety,32.93506771586103,31.31045070172283
2020-10-01,US,United States,Social Science,32.15670436187399,28.711942515469058
2020-10-01,US,United States,Software Development,8.82601490909606,8.369117003937328
2020-10-01,US,United States,Therapy,26.58397696033512,24.64355658828192
2020-11-01,US,United States,Accounting,11.770749280174257,16.2080763527598
2020-11-01,US,United States,Administrative Assistance,29.91493546498502,31.103351800966397
2020-11-01,US,United States,Architecture,26.734675121771893,26.32453407291489
2020-11-01,US,United States,Arts & Entertainment,21.342528323854733,21.52605628033575
2020-11-01,US,United States,Aviation,18.009372907833075,17.665716816705178
2020-11-01,US,United States,Banking & Finance,12.09062788991996,12.680187588915734
2020-11-01,US,United States,Childcare,60.88447524469529,60.31911010570857
2020-11-01,US,United States,Civil Engineering,18.3071930773391,18.092836342752886
2020-11-01,US,United States,Cleaning & Sanitation,36.98700919751248,37.95984430557374
2020-11-01,US,United States,Community & Social Service,32.18956356842702,32.28748339009528
2020-11-01,US,United States,Construction,48.85962356506031,50.23503515537134
2020-11-01,US,United States,Customer Service,20.30358050150931,20.905351908218307
2020-11-01,US,United States,Data & Analytics,7.261068414352398,7.168623148321064
2020-11-01,US,United States,Dental,44.62159188164812,44.83480028905689
2020-11-01,US,United States,Driving,43.26560438199974,43.863105645324005
2020-11-01,US,United States,Education & Instruction,26.7036567191753,28.09273441656315
2020-11-01,US,United States,Electrical Engineering,13.669105233539675,14.195209304067005
2020-11-01,US,United States,Food Preparation & Service,15.45677639293529,16.783095966783502
2020-11-01,US,United States,Hospitality & Tourism,22.801440983259166,23.55588943533724
2020-11-01,US,United States,Human Resources,17.205662126506454,17.648111713202617
2020-11-01,US,United States,"IT Infrastructure, Operations & Support",16.478462458869277,16.12180469082903
2020-11-01,US,United States,IT Systems & Solutions,8.543157774672789,8.629576371641058
2020-11-01,US,United States,Industrial Engineering,6.989067524115756,6.965913808336366
2020-11-01,US,United States,Installation & Maintenance,31.04161976939046,32.2566960713616
2020-11-01,US,United States,Insurance,32.96046151681441,33.568089855363375
2020-11-01,US,United States,Legal,26.11080934274851,26.462903347554384
2020-11-01,US,United States,Loading & Stocking,29.188519672543595,29.818625458633218
2020-11-01,US,United States,Logistic Support,24.8936090083983,26.018789301560087
2020-11-01,US,United States,Management,9.7158934140448,10.073114101698984
2020-11-01,US,United States,Marketing,19.53797459289919,20.23576875910609
2020-11-01,US,United States,Mechanical Engineering,13.785515500614848,13.87652750068491
2020-11-01,US,United States,Media & Communications,24.245442341835187,24.165099744012128
2020-11-01,US,United States,Medical Information,15.328031303994308,15.595807338011276
2020-11-01,US,United States,Medical Technician,13.616535952068846,13.798505737645472
2020-11-01,US,United States,Nursing,17.221406270612547,16.607005792906694
2020-11-01,US,United States,Personal Care & Home Health,34.93682021753039,34.46997785296992
2020-11-01,US,United States,Pharmacy,11.5197174808711,11.17557170256142
2020-11-01,US,United States,Physicians & Surgeons,12.418023118660061,12.289458271933244
2020-11-01,US,United States,Production & Manufacturing,31.322390880273105,32.46711486024146
2020-11-01,US,United States,Project Management,14.91288138172411,14.856445461280648
2020-11-01,US,United States,Retail,12.305618786209099,12.52847365999125
2020-11-01,US,United States,Sales,21.17373187140629,21.342922157448793
2020-11-01,US,United States,Scientific Research & Development,8.477066564456369,8.044317844381858
2020-11-01,US,United States,Security & Public Safety,32.77514990390038,32.03129720498402
2020-11-01,US,United States,Social Science,34.9003984063745,31.68360816430922
2020-11-01,US,United States,Software Development,8.668517584505084,8.626394937275853
2020-11-01,US,United States,Therapy,27.1785940896143,26.125479011772324
2020-12-01,US,United States,Accounting,16.32142270990129,15.739755040471302
2020-12-01,US,United States,Administrative Assistance,29.301703711615062,30.340293374301506
2020-12-01,US,United States,Architecture,25.587088584640494,26.55729595463835
2020-12-01,US,United States,Arts & Entertainment,18.3862660944206,20.765140819996763
2020-12-01,US,United States,Aviation,17.559262510974538,17.834625038677398
2020-12-01,US,United States,Banking & Finance,14.952868060305095,13.485047972824141
2020-12-01,US,United States,Childcare,59.16456891126495,60.21133553589825
2020-12-01,US,United States,Civil Engineering,18.68770215855832,18.55626559036708
2020-12-01,US,United States,Cleaning & Sanitation,34.982286046101954,36.81105533159555
2020-12-01,US,United States,Community & Social Service,31.691654785243273,32.22089293230834
2020-12-01,US,United States,Construction,46.96640459352324,49.040998613623536
2020-12-01,US,United States,Customer Service,17.649669341520376,19.82180599102455
2020-12-01,US,United States,Data & Analytics,7.138512828599103,7.304220754384587
2020-12-01,US,United States,Dental,44.285786750532615,44.532475450022496
2020-12-01,US,United States,Driving,46.51649816130422,44.858789888378944
2020-12-01,US,United States,Education & Instruction,24.71680467729049,26.6106583175649
2020-12-01,US,United States,Electrical Engineering,14.254373937366314,14.276770489680878
2020-12-01,US,United States,Food Preparation & Service,13.648112086189018,15.634545758964558
2020-12-01,US,United States,Hospitality & Tourism,23.695728291316527,23.58550095851305
2020-12-01,US,United States,Human Resources,17.21661524516725,17.48236670919442
2020-12-01,US,United States,"IT Infrastructure, Operations & Support",15.996063650036207,16.341863621120027
2020-12-01,US,United States,IT Systems & Solutions,8.345476964465867,8.564358062807388
2020-12-01,US,United States,Industrial Engineering,7.091982091982092,7.1180948730057665
2020-12-01,US,United States,Installation & Maintenance,30.447486559884716,31.485853495995567
2020-12-01,US,United States,Insurance,30.913459911327717,32.78422614643183
2020-12-01,US,United States,Legal,24.766291830375287,25.997279589388167
2020-12-01,US,United States,Loading & Stocking,27.295434668532447,29.081805278943108
2020-12-01,US,United States,Logistic Support,23.59032472353562,25.07872643128495
2020-12-01,US,United States,Management,9.831835202655952,9.991674308164692
2020-12-01,US,United States,Marketing,18.86202788872539,19.788040006410583
2020-12-01,US,United States,Mechanical Engineering,13.18181818181818,13.752847021718468
2020-12-01,US,United States,Media & Communications,23.859001330986217,24.32601229587713
2020-12-01,US,United States,Medical Information,14.976978871018606,15.41061372643574
2020-12-01,US,United States,Medical Technician,13.115106752953409,13.609621973230256
2020-12-01,US,United States,Nursing,16.681989233305824,16.882115841531956
2020-12-01,US,United States,Personal Care & Home Health,34.741816122702026,34.916755472810934
2020-12-01,US,United States,Pharmacy,10.230132683673263,11.064376837121728
2020-12-01,US,United States,Physicians & Surgeons,13.509812870835237,12.744271653713646
2020-12-01,US,United States,Production & Manufacturing,29.58105302887337,31.39367744247725
2020-12-01,US,United States,Project Management,14.375834941368563,14.887170342475969
2020-12-01,US,United States,Retail,11.570625689182942,12.333420469445878
2020-12-01,US,United States,Sales,19.796657540497375,20.963607913695313
2020-12-01,US,United States,Scientific Research & Development,8.517456299168442,8.321336112254095
2020-12-01,US,United States,Security & Public Safety,32.27077779065724,32.66033180347288
2020-12-01,US,United States,Social Science,35.16501515027434,34.07403930617428
2020-12-01,US,United States,Software Development,8.381133465854557,8.625221986485235
2020-12-01,US,United States,Therapy,25.492685834229516,26.418418961392977
2021-01-01,US,United States,Accounting,17.44095112574307,15.177707705272871
2021-01-01,US,United States,Administrative Assistance,31.92811228810618,30.381583821568753
2021-01-01,US,United States,Architecture,28.311990686845167,26.87791813108585
2021-01-01,US,United States,Arts & Entertainment,20.38293557947278,20.037243332582705
2021-01-01,US,United States,Aviation,18.81072677808006,18.126454065629233
2021-01-01,US,United States,Banking & Finance,14.860071500391017,13.967855816872024
2021-01-01,US,United States,Childcare,61.01055567882842,60.35319994492954
2021-01-01,US,United States,Civil Engineering,20.244004545182705,19.079633260360044
2021-01-01,US,United States,Cleaning & Sanitation,37.80049753902237,36.589930927545616
2021-01-01,US,United States,Community & Social Service,33.0012728131223,32.29416372226419
2021-01-01,US,United States,Construction,48.9157154892841,48.24724788262255
2021-01-01,US,United States,Customer Service,20.205739369448832,19.386329737492847
2021-01-01,US,United States,Data & Analytics,7.915081858772945,7.43822103390815
2021-01-01,US,United States,Dental,46.650048769914385,45.18580913403171
2021-01-01,US,United States,Driving,46.955218708286274,45.57910708386341
2021-01-01,US,United States,Education & Instruction,27.08567772744669,26.16871304130416
2021-01-01,US,United States,Electrical Engineering,14.695538585209004,14.206339252038328
2021-01-01,US,United States,Food Preparation & Service,16.107109286653806,15.070665921926041
2021-01-01,US,United States,Hospitality & Tourism,25.716635338345867,24.071268204307184
2021-01-01,US,United States,Human Resources,18.589935375777884,17.670737582483856
2021-01-01,US,United States,"IT Infrastructure, Operations & Support",17.35806363137685,16.610863246760783
2021-01-01,US,United States,IT Systems & Solutions,8.75457463683941,8.547736458659356
2021-01-01,US,United States,Industrial Engineering,8.003753547560194,7.361601054552682
2021-01-01,US,United States,Installation & Maintenance,32.61630480243309,31.368470377236083
2021-01-01,US,United States,Insurance,33.25984251968504,32.37792131594238
2021-01-01,US,United States,Legal,27.005246490523234,25.960782554549024
2021-01-01,US,United States,Loading & Stocking,28.86397039525484,28.449308245443635
2021-01-01,US,United States,Logistic Support,24.45842068483578,24.314118138923234
2021-01-01,US,United States,Management,10.971958552516037,10.173229056405598
2021-01-01,US,United States,Marketing,20.5696164662239,19.65653964928283
2021-01-01,US,United States,Mechanical Engineering,14.841351074718526,13.93622825238385
2021-01-01,US,United States,Media & Communications,25.278940027894002,24.46112790023847
2021-01-01,US,United States,Medical Information,16.34121629401064,15.548742156341191
2021-01-01,US,United States,Medical Technician,14.29732036183649,13.67632102228625
2021-01-01,US,United States,Nursing,18.61788643513236,17.507093979683578
2021-01-01,US,United States,Personal Care & Home Health,35.58754791062915,35.08872808362052
2021-01-01,US,United States,Pharmacy,9.713814432989691,10.487888199178022
2021-01-01,US,United States,Physicians & Surgeons,14.307829841048338,13.411888610181213
2021-01-01,US,United States,Production & Manufacturing,31.369130716061157,30.757524875069212
2021-01-01,US,United States,Project Management,15.632580951376438,14.97376575815637
2021-01-01,US,United States,Retail,11.411487397555252,11.762577290982428
2021-01-01,US,United States,Sales,22.789416804468694,21.25326873879079
2021-01-01,US,United States,Scientific Research & Development,9.367443804292666,8.787322222639158
2021-01-01,US,United States,Security & Public Safety,32.611676708913365,32.55253480115699
2021-01-01,US,United States,Social Science,32.93689871979396,34.334104092147605
2021-01-01,US,United States,Software Development,8.897838867540315,8.649163305966653
2021-01-01,US,United States,Therapy,26.065475090738964,26.245585004860924
2021-02-01,US,United States,Accounting,23.215504389597484,18.99262607508061
2021-02-01,US,United States,Administrative Assistance,33.50875185905503,31.579522619592094
2021-02-01,US,United States,Architecture,31.109047492703635,28.33604225472976
2021-02-01,US,United States,Arts & Entertainment,22.33506273687309,20.368088136922154
2021-02-01,US,United States,Aviation,19.683339330694494,18.684442873249704
2021-02-01,US,United States,Banking & Finance,12.346775872839592,14.053238477845236
2021-02-01,US,United States,Childcare,63.35709731640874,61.17740730216735
2021-02-01,US,United States,Civil Engineering,22.062627263221618,20.331444655654217
2021-02-01,US,United States,Cleaning & Sanitation,41.30189204381116,38.02822520964518
2021-02-01,US,United States,Community & Social Service,34.78759157619865,33.160173058188064
2021-02-01,US,United States,Construction,53.379731725575084,49.75395060279414
2021-02-01,US,United States,Customer Service,22.341355829759323,20.065588180242848
2021-02-01,US,United States,Data & Analytics,7.976448369716159,7.676681019029403
2021-02-01,US,United States,Dental,49.86424247299934,46.93335933114878
2021-02-01,US,United States,Driving,50.08805972475492,47.8532588647818
2021-02-01,US,United States,Education & Instruction,28.113702819363724,26.638728408033632
2021-02-01,US,United States,Electrical Engineering,15.330429140791546,14.760113887788952
2021-02-01,US,United States,Food Preparation & Service,18.9745261235951,16.24324916547931
2021-02-01,US,United States,Hospitality & Tourism,28.67806928540368,26.03014430502202
2021-02-01,US,United States,Human Resources,18.76017875522781,18.188909792057643
2021-02-01,US,United States,"IT Infrastructure, Operations & Support",17.967083691465316,17.107070324292796
2021-02-01,US,United States,IT Systems & Solutions,9.703648348706738,8.934566650004005
2021-02-01,US,United States,Industrial Engineering,8.214471629359709,7.770069089633999
2021-02-01,US,United States,Installation & Maintenance,35.62154641672252,32.895112593013444
2021-02-01,US,United States,Insurance,34.920202295508915,33.031168242173884
2021-02-01,US,United States,Legal,28.249501992031874,26.67368010431014
2021-02-01,US,United States,Loading & Stocking,32.07187122128174,29.41042542835635
2021-02-01,US,United States,Logistic Support,25.61611744494768,24.55495428443969
2021-02-01,US,United States,Management,11.869623621192943,10.891139125454979
2021-02-01,US,United States,Marketing,22.585261908043297,20.672302087664196
2021-02-01,US,United States,Mechanical Engineering,15.703120956472233,14.575430071002978
2021-02-01,US,United States,Media & Communications,27.442179201644677,25.5267068535083
2021-02-01,US,United States,Medical Information,16.92074510148493,16.07964675550473
2021-02-01,US,United States,Medical Technician,15.294962960963959,14.235796691917955
2021-02-01,US,United States,Nursing,19.296031434184677,18.198635700874288
2021-02-01,US,United States,Personal Care & Home Health,35.855539909845284,35.39496798105882
2021-02-01,US,United States,Pharmacy,9.893610441021835,9.945852519228266
2021-02-01,US,United States,Physicians & Surgeons,14.895538563429467,14.237727091771015
2021-02-01,US,United States,Production & Manufacturing,34.30140654735707,31.750530097430538
2021-02-01,US,United States,Project Management,16.99938647411393,15.669267455619645
2021-02-01,US,United States,Retail,12.720865777129923,11.900992954622703
2021-02-01,US,United States,Sales,24.609336948404064,22.398470431123382
2021-02-01,US,United States,Scientific Research & Development,9.842383242995965,9.242427782152356
2021-02-01,US,United States,Security & Public Safety,34.335560117974424,33.07267153918168
2021-02-01,US,United States,Social Science,36.390428741842676,34.830780870637
2021-02-01,US,United States,Software Development,9.713828326369358,8.997600219921411
2021-02-01,US,United States,Therapy,29.686335088838923,27.081498671269127
2021-03-01,US,United States,Accounting,24.039908289747082,21.565454601695876
2021-03-01,US,United States,Administrative Assistance,35.360735813210134,33.599199986790445
2021-03-01,US,United States,Architecture,32.80652418447694,30.742520788008576
2021-03-01,US,United States,Arts & Entertainment,24.592248752106315,22.436749022817395
2021-03-01,US,United States,Aviation,21.671826625387,20.055297578053857
2021-03-01,US,United States,Banking & Finance,12.484382151737448,13.230409841656021
2021-03-01,US,United States,Childcare,63.9814532936796,62.78303542963891
2021-03-01,US,United States,Civil Engineering,23.222032659029978,21.842888155811437
2021-03-01,US,United States,Cleaning & Sanitation,45.73898117002462,41.613790250952725
2021-03-01,US,United States,Community & Social Service,36.79309071751837,34.86065170227976
2021-03-01,US,United States,Construction,58.01256203473946,53.43600308319955
2021-03-01,US,United States,Customer Service,25.064814075434533,22.537303091547567
2021-03-01,US,United States,Data & Analytics,8.008523192919194,7.966684473802768
2021-03-01,US,United States,Dental,52.32644755727549,49.61357960006307
2021-03-01,US,United States,Driving,47.90834155191097,48.31720666165072
2021-03-01,US,United States,Education & Instruction,29.520620061758436,28.240000202856283
2021-03-01,US,United States,Electrical Engineering,16.20538664904164,15.410451458347396
2021-03-01,US,United States,Food Preparation & Service,23.610885463591096,19.564173624613336
2021-03-01,US,United States,Hospitality & Tourism,33.15587504053616,29.183526554761897
2021-03-01,US,United States,Human Resources,19.166057868986737,18.838723999997473
2021-03-01,US,United States,"IT Infrastructure, Operations & Support",18.642790089039345,17.98931247062718
2021-03-01,US,United States,IT Systems & Solutions,9.728479605935004,9.395567530493716
2021-03-01,US,United States,Industrial Engineering,8.583410997204101,8.267212058041336
2021-03-01,US,United States,Installation & Maintenance,39.59606297323877,35.94463806413146
2021-03-01,US,United States,Insurance,37.477676226494374,35.21924034722943
2021-03-01,US,United States,Legal,28.707020382929976,27.987256288495036
2021-03-01,US,United States,Loading & Stocking,36.389480045190616,32.441773887242405
2021-03-01,US,United States,Logistic Support,26.54033370643205,25.538290612071837
2021-03-01,US,United States,Management,13.603423447584289,12.148335207097759
2021-03-01,US,United States,Marketing,23.781028770074776,22.311969048113994
2021-03-01,US,United States,Mechanical Engineering,16.158873343151694,15.567781791447485
2021-03-01,US,United States,Media & Communications,27.78774597758626,26.83628840237498
2021-03-01,US,United States,Medical Information,18.176583493282152,17.14618162959258
2021-03-01,US,United States,Medical Technician,16.683973583734875,15.42541896884511
2021-03-01,US,United States,Nursing,20.43502134631324,19.44964640521009
2021-03-01,US,United States,Personal Care & Home Health,38.2771717045419,36.57341984167211
2021-03-01,US,United States,Pharmacy,10.197871276519752,9.935098716843763
2021-03-01,US,United States,Physicians & Surgeons,15.25566811384467,14.819678839440826
2021-03-01,US,United States,Production & Manufacturing,37.36090297484297,34.34381341275374
2021-03-01,US,United States,Project Management,18.01648283554344,16.882816753677933
2021-03-01,US,United States,Retail,15.086431219914934,13.072928131533368
2021-03-01,US,United States,Sales,27.50737950288748,24.968711085253418
2021-03-01,US,United States,Scientific Research & Development,10.224205016412974,9.811344021233865
2021-03-01,US,United States,Security & Public Safety,37.8936739979806,34.94697027495613
2021-03-01,US,United States,Social Science,38.19709702062643,35.841474827421024
2021-03-01,US,United States,Software Development,9.504210348269927,9.371959180726536
2021-03-01,US,United States,Therapy,31.004880894709153,28.918897024762334
2021-04-01,US,United States,Accounting,24.57666090378313,23.94402452770923
2021-04-01,US,United States,Administrative Assistance,37.60099777669324,35.49016181631947
2021-04-01,US,United States,Architecture,33.2960834397616,32.403885038980725
2021-04-01,US,United States,Arts & Entertainment,25.27346658266995,24.066926023883116
2021-04-01,US,United States,Aviation,20.40632054176072,20.58716216594741
2021-04-01,US,United States,Banking & Finance,12.754182905721251,12.5284469767661
2021-04-01,US,United States,Childcare,66.83826589848627,64.72560550285819
2021-04-01,US,United States,Civil Engineering,22.891680944222347,22.725446955491318
2021-04-01,US,United States,Cleaning & Sanitation,46.4287558365113,44.48987635011571
2021-04-01,US,United States,Community & Social Service,38.345805078509734,36.64216245740891
2021-04-01,US,United States,Construction,61.01496233075181,57.469085363688784
2021-04-01,US,United States,Customer Service,27.307023610550786,24.90439783858155
2021-04-01,US,United States,Data & Analytics,8.057896209694972,8.014289257443444
2021-04-01,US,United States,Dental,52.81011030655749,51.66693344561077
2021-04-01,US,United States,Driving,50.90686924344949,49.634423506705126
2021-04-01,US,United States,Education & Instruction,29.909291295429906,29.181204725517357
2021-04-01,US,United States,Electrical Engineering,17.74168479950264,16.425833529778604
2021-04-01,US,United States,Food Preparation & Service,26.089619353460954,22.89167698021572
2021-04-01,US,United States,Hospitality & Tourism,33.38924272988962,31.741062351943146
2021-04-01,US,United States,Human Resources,19.7841046017188,19.236780408644446
2021-04-01,US,United States,"IT Infrastructure, Operations & Support",18.480971920508487,18.36361523367106
2021-04-01,US,United States,IT Systems & Solutions,9.504203122319439,9.645443692320393
2021-04-01,US,United States,Industrial Engineering,8.587847756811916,8.46191012779191
2021-04-01,US,United States,Installation & Maintenance,41.17189878924092,38.79650272640074
2021-04-01,US,United States,Insurance,35.6839588111854,36.02727911106288
2021-04-01,US,United States,Legal,29.29905741216795,28.751859929043277
2021-04-01,US,United States,Loading & Stocking,38.573567935139145,35.678306400537174
2021-04-01,US,United States,Logistic Support,27.01185568210933,26.38943561116302
2021-04-01,US,United States,Management,14.307157537287644,13.260068202021628
2021-04-01,US,United States,Marketing,24.132060045683268,23.499450241267123
2021-04-01,US,United States,Mechanical Engineering,16.235900168753886,16.032631489459273
2021-04-01,US,United States,Media & Communications,27.407021678954145,27.545648952728357
2021-04-01,US,United States,Medical Information,18.80103260349938,17.966120399422163
2021-04-01,US,United States,Medical Technician,17.61667117469244,16.531869239797093
2021-04-01,US,United States,Nursing,21.631650719139607,20.454234499879174
2021-04-01,US,United States,Personal Care & Home Health,41.25256718534164,38.461759599909605
2021-04-01,US,United States,Pharmacy,10.515087760596744,10.202189826046114
2021-04-01,US,United States,Physicians & Surgeons,15.696576955261058,15.2825945441784
2021-04-01,US,United States,Production & Manufacturing,39.51295471257407,37.058421411591375
2021-04-01,US,United States,Project Management,18.31433232616733,17.77673387860823
2021-04-01,US,United States,Retail,16.299032853297636,14.702109950114163
2021-04-01,US,United States,Sales,29.84962996135716,27.32211547088291
2021-04-01,US,United States,Scientific Research & Development,10.209635275560212,10.09207451165638
2021-04-01,US,United States,Security & Public Safety,40.17742063807781,37.46888491801095
2021-04-01,US,United States,Social Science,36.3386978785662,36.9754078803451
2021-04-01,US,United States,Software Development,9.2110841211146,9.476374265251296
2021-04-01,US,United States,Therapy,30.589945223768243,30.42705373577209
2021-05-01,US,United States,Accounting,26.072562704343078,24.896377299291093
2021-05-01,US,United States,Administrative Assistance,37.765612240254995,36.90911527671946
2021-05-01,US,United States,Architecture,33.347058520767924,33.149888715002156
2021-05-01,US,United States,Arts & Entertainment,25.235313209996757,25.033676181591005
2021-05-01,US,United States,Aviation,21.889526934645883,21.322558033931205
2021-05-01,US,United States,Banking & Finance,12.849679811257161,12.69608162290529
2021-05-01,US,United States,Childcare,64.4536887681467,65.09113598677085
2021-05-01,US,United States,Civil Engineering,22.7048417132216,22.939518438824646
2021-05-01,US,United States,Cleaning & Sanitation,45.08516394637391,45.75096698430329
2021-05-01,US,United States,Community & Social Service,39.06903118893918,38.069308994989086
2021-05-01,US,United States,Construction,60.80665124386814,59.94472520311981
2021-05-01,US,United States,Customer Service,27.706557361742657,26.69279834924266
2021-05-01,US,United States,Data & Analytics,8.304859670849435,8.123759691154534
2021-05-01,US,United States,Dental,53.94236990096382,53.02630925493227
2021-05-01,US,United States,Driving,55.94787674532928,51.58769584689657
2021-05-01,US,United States,Education & Instruction,28.934304639652208,29.45473866561352
2021-05-01,US,United States,Electrical Engineering,17.53212396069539,17.159731803079886
2021-05-01,US,United States,Food Preparation & Service,25.968106953765652,25.222870590272574
2021-05-01,US,United States,Hospitality & Tourism,31.18102136596447,32.57537971213008
2021-05-01,US,United States,Human Resources,19.83590298440177,19.59535515170243
2021-05-01,US,United States,"IT Infrastructure, Operations & Support",18.487943480264168,18.537235163270676
2021-05-01,US,United States,IT Systems & Solutions,9.758473829252225,9.663718852502223
2021-05-01,US,United States,Industrial Engineering,8.64752562923606,8.606261461084026
2021-05-01,US,United States,Installation & Maintenance,40.860878321967235,40.54294669481563
2021-05-01,US,United States,Insurance,35.168288254736744,36.109974430805494
2021-05-01,US,United States,Legal,29.789181238764506,29.265086344620823
2021-05-01,US,United States,Loading & Stocking,38.84093170887824,37.93465989640267
2021-05-01,US,United States,Logistic Support,27.981445458626364,27.177878282389248
2021-05-01,US,United States,Management,14.98599632277921,14.298859102550383
2021-05-01,US,United States,Marketing,23.840818106147687,23.917968973968584
2021-05-01,US,United States,Mechanical Engineering,16.232084268692798,16.208952593532796
2021-05-01,US,United States,Media & Communications,28.107638431764926,27.767468696101773
2021-05-01,US,United States,Medical Information,18.21115552458836,18.39625720712331
2021-05-01,US,United States,Medical Technician,17.289761849632637,17.19680220268665
2021-05-01,US,United States,Nursing,21.584821522949664,21.217164529467503
2021-05-01,US,United States,Personal Care & Home Health,41.16469595802176,40.231478282635095
2021-05-01,US,United States,Pharmacy,10.78627666460927,10.499745233908591
2021-05-01,US,United States,Physicians & Surgeons,16.074952579847874,15.675732549651201
2021-05-01,US,United States,Production & Manufacturing,39.30447708827684,38.72611159189797
2021-05-01,US,United States,Project Management,18.391872011769035,18.240895724493267
2021-05-01,US,United States,Retail,16.706935640289526,16.0307999045007
2021-05-01,US,United States,Sales,30.607044790221146,29.321351418155274
2021-05-01,US,United States,Scientific Research & Development,10.212904048306156,10.215581446759776
2021-05-01,US,United States,Security & Public Safety,39.00371399239084,39.02493620948308
2021-05-01,US,United States,Social Science,36.84151028713543,37.12576839544269
2021-05-01,US,United States,Software Development,9.25328047383633,9.322858314406956
2021-05-01,US,United States,Therapy,31.077191374639092,30.89067249770548
2021-06-01,US,United States,Accounting,24.83394516153341,25.161056256553206
2021-06-01,US,United States,Administrative Assistance,35.719934329674835,37.028848115541024
2021-06-01,US,United States,Architecture,30.992532515701498,32.54522482541034
2021-06-01,US,United States,Arts & Entertainment,23.58696783595295,24.698582542873215
2021-06-01,US,United States,Aviation,22.49872383869321,21.59819043836661
2021-06-01,US,United States,Banking & Finance,11.32370809023939,12.309190269072602
2021-06-01,US,United States,Childcare,63.14740225395663,64.81311897352985
2021-06-01,US,United States,Civil Engineering,21.12198131500088,22.23950132414828
2021-06-01,US,United States,Cleaning & Sanitation,42.27171521331864,44.59521166540129
2021-06-01,US,United States,Community & Social Service,36.90435846902483,38.10639824549124
2021-06-01,US,United States,Construction,58.26910171291561,60.030238429178524
2021-06-01,US,United States,Customer Service,27.231517057345012,27.41503267654615
2021-06-01,US,United States,Data & Analytics,7.4786001841139855,7.947118688219466
2021-06-01,US,United States,Dental,50.21645021645021,52.32297680799052
2021-06-01,US,United States,Driving,54.010831585438034,53.6218591914056
2021-06-01,US,United States,Education & Instruction,29.03275314799958,29.292116361027237
2021-06-01,US,United States,Electrical Engineering,16.57532321528949,17.28304399182917
2021-06-01,US,United States,Food Preparation & Service,25.590417217856178,25.88271450836093
2021-06-01,US,United States,Hospitality & Tourism,28.130619971604354,30.900294689152805
2021-06-01,US,United States,Human Resources,19.076969934996754,19.565659173705768
2021-06-01,US,United States,"IT Infrastructure, Operations & Support",17.453416149068325,18.14077718328034
2021-06-01,US,United States,IT Systems & Solutions,9.431047507490685,9.564574819687452
2021-06-01,US,United States,Industrial Engineering,8.389198375979605,8.54152392067586
2021-06-01,US,United States,Installation & Maintenance,39.23359764892299,40.42212492004371
2021-06-01,US,United States,Insurance,34.36661083449969,35.07295263347393
2021-06-01,US,United States,Legal,29.152651213993032,29.413629954975175
2021-06-01,US,United States,Loading & Stocking,38.42444603228327,38.61298189210023
2021-06-01,US,United States,Logistic Support,30.94547392102303,28.646258353919574
2021-06-01,US,United States,Management,14.524765200978484,14.605973020348449
2021-06-01,US,United States,Marketing,22.703629357206697,23.55883583634589
2021-06-01,US,United States,Mechanical Engineering,16.00325269363692,16.157079043694537
2021-06-01,US,United States,Media & Communications,28.35783452912548,27.957498213281514
2021-06-01,US,United States,Medical Information,16.7093432286988,17.907177118928857
2021-06-01,US,United States,Medical Technician,15.976200213723136,16.96087774601607
2021-06-01,US,United States,Nursing,19.56193501578524,20.92613575262484
2021-06-01,US,United States,Personal Care & Home Health,39.11594588873183,40.51106967736507
2021-06-01,US,United States,Pharmacy,10.2577574947833,10.519707306663106
2021-06-01,US,United States,Physicians & Surgeons,14.76030059600933,15.510610043706087
2021-06-01,US,United States,Production & Manufacturing,37.92664057522527,38.914690792025404
2021-06-01,US,United States,Project Management,17.0917050921379,17.932636476691417
2021-06-01,US,United States,Retail,15.74537891790012,16.250449137162427
2021-06-01,US,United States,Sales,27.98697284200216,29.48121586452683
2021-06-01,US,United States,Scientific Research & Development,9.499635841857533,9.974058388574628
2021-06-01,US,United States,Security & Public Safety,39.95390536428188,39.711679998250176
2021-06-01,US,United States,Social Science,37.11119243034137,36.763800198681004
2021-06-01,US,United States,Software Development,9.09853702303711,9.187633872662682
2021-06-01,US,United States,Therapy,29.116533110074556,30.261223236160617
2021-07-01,US,United States,Accounting,24.098150995956114,25.001552953944202
2021-07-01,US,United States,Administrative Assistance,35.99534003845129,36.49362886946037
2021-07-01,US,United States,Architecture,30.428720808644126,31.58943728170451
2021-07-01,US,United States,Arts & Entertainment,23.894772449324762,24.23901783175815
2021-07-01,US,United States,Aviation,21.20499814425337,21.864416305864157
2021-07-01,US,United States,Banking & Finance,10.981186235133121,11.71819137887656
2021-07-01,US,United States,Childcare,64.69871631695699,64.09993577968676
2021-07-01,US,United States,Civil Engineering,21.52548424529144,21.784102424504642
2021-07-01,US,United States,Cleaning & Sanitation,42.566105952328556,43.307661704007046
2021-07-01,US,United States,Community & Social Service,36.82372775190079,37.59903913662159
2021-07-01,US,United States,Construction,57.69704600222023,58.92426631966799
2021-07-01,US,United States,Customer Service,26.927004424985483,27.28835961469105
2021-07-01,US,United States,Data & Analytics,7.744291987578489,7.8425839475139725
2021-07-01,US,United States,Dental,52.80290514124941,52.32057508622116
2021-07-01,US,United States,Driving,52.81970672993348,54.25947168690025
2021-07-01,US,United States,Education & Instruction,31.202798262284393,29.723285349978728
2021-07-01,US,United States,Electrical Engineering,17.120947812182003,17.07613166272229
2021-07-01,US,United States,Food Preparation & Service,25.60926099411278,25.72259505524487
2021-07-01,US,United States,Hospitality & Tourism,27.79315504020946,29.034932125926087
2021-07-01,US,United States,Human Resources,19.085220268098187,19.332697729165563
2021-07-01,US,United States,"IT Infrastructure, Operations & Support",17.835408669600223,17.92558943297758
2021-07-01,US,United States,IT Systems & Solutions,9.356396911249448,9.51530608266412
2021-07-01,US,United States,Industrial Engineering,8.486544945607227,8.507756316940963
2021-07-01,US,United States,Installation & Maintenance,38.09028423320465,39.39492006803162
2021-07-01,US,United States,Insurance,34.78260869565217,34.77250259496285
2021-07-01,US,United States,Legal,28.93529072064679,29.292374391134786
2021-07-01,US,United States,Loading & Stocking,37.743395564025725,38.33625776839575
2021-07-01,US,United States,Logistic Support,29.719626168224302,29.548848515957896
2021-07-01,US,United States,Management,14.45928419422752,14.656681905995073
2021-07-01,US,United States,Marketing,22.592072722411604,23.045506728588663
2021-07-01,US,United States,Mechanical Engineering,15.975061738391158,16.070132900240296
2021-07-01,US,United States,Media & Communications,27.77428709521508,28.079920018701824
2021-07-01,US,United States,Medical Information,16.8292454357253,17.24991472967083
2021-07-01,US,United States,Medical Technician,15.851920397374943,16.372627486910236
2021-07-01,US,United States,Nursing,19.28073285028851,20.14249646300781
2021-07-01,US,United States,Personal Care & Home Health,39.45213216605479,39.91092467093612
2021-07-01,US,United States,Pharmacy,11.680902701169352,10.908312286853976
2021-07-01,US,United States,Physicians & Surgeons,14.96604623341895,15.267099803092052
2021-07-01,US,United States,Production & Manufacturing,37.93118641528721,38.38743469292978
2021-07-01,US,United States,Project Management,16.910776784381376,17.464784629429435
2021-07-01,US,United States,Retail,15.861387619603661,16.104567392597772
2021-07-01,US,United States,Sales,26.451325602526154,28.348447744916495
2021-07-01,US,United States,Scientific Research & Development,9.825698324022346,9.846079404728675
2021-07-01,US,United States,Security & Public Safety,39.789170627839674,39.5822633281708
2021-07-01,US,United States,Social Science,36.32043448744059,36.75771240163913
2021-07-01,US,United States,Software Development,9.105376521106859,9.152398005993435
2021-07-01,US,United States,Therapy,29.551466196421966,29.915063560378528
2021-08-01,US,United States,Accounting,20.305111382858524,23.079069180116022
2021-08-01,US,United States,Administrative Assistance,33.91635848086451,35.210544282996885
2021-08-01,US,United States,Architecture,26.935185647893654,29.452146324079752
2021-08-01,US,United States,Arts & Entertainment,22.609041627293976,23.363593970857224
2021-08-01,US,United States,Aviation,20.70063694267516,21.468119641873916
2021-08-01,US,United States,Banking & Finance,9.739451384642264,10.681448570004926
2021-08-01,US,United States,Childcare,64.12622695165581,63.99078184085645
2021-08-01,US,United States,Civil Engineering,19.48079719442306,20.709420918238465
2021-08-01,US,United States,Cleaning & Sanitation,39.83278113981256,41.556867435153265
2021-08-01,US,United States,Community & Social Service,34.43009191403093,36.052726044985505
2021-08-01,US,United States,Construction,52.130908532842234,56.03235208265935
2021-08-01,US,United States,Customer Service,24.339010156493135,26.165843879607877
2021-08-01,US,United States,Data & Analytics,7.700106389636398,7.64099952044296
2021-08-01,US,United States,Dental,48.84409791971673,50.621151092472125
2021-08-01,US,United States,Driving,49.96295007688855,52.264496130753344
2021-08-01,US,United States,Education & Instruction,32.36632368300534,30.867291697763104
2021-08-01,US,United States,Electrical Engineering,15.729102273507795,16.475124433659758
2021-08-01,US,United States,Food Preparation & Service,24.04283922001534,25.080839143994766
2021-08-01,US,United States,Hospitality & Tourism,25.857969332160042,27.260581447991274
2021-08-01,US,United States,Human Resources,17.187292988473597,18.44982773052284
2021-08-01,US,United States,"IT Infrastructure, Operations & Support",16.558980373066625,17.282601730578403
2021-08-01,US,United States,IT Systems & Solutions,8.298984694650704,9.028809704463614
2021-08-01,US,United States,Industrial Engineering,8.034597431125484,8.30344691757077
2021-08-01,US,United States,Installation & Maintenance,34.52477141013643,37.282884430754685
2021-08-01,US,United States,Insurance,29.55773955773956,32.90231969596379
2021-08-01,US,United States,Legal,26.89055615100631,28.326166028548716
2021-08-01,US,United States,Loading & Stocking,36.018283305559954,37.395374967289655
2021-08-01,US,United States,Logistic Support,26.06624978220045,28.910449957149254
2021-08-01,US,United States,Management,13.41276795750208,14.132272450902697
2021-08-01,US,United States,Marketing,20.603077919020716,21.966259999546338
2021-08-01,US,United States,Mechanical Engineering,14.83057525610717,15.602963229378418
2021-08-01,US,United States,Media & Communications,24.382316225828486,26.838145950056344
2021-08-01,US,United States,Medical Information,15.387976019999513,16.30885489480788
2021-08-01,US,United States,Medical Technician,14.685144911795597,15.504421840964559
2021-08-01,US,United States,Nursing,16.98686620080357,18.60984468895911
2021-08-01,US,United States,Personal Care & Home Health,36.079349870470914,38.215809308419175
2021-08-01,US,United States,Pharmacy,11.468288444830582,11.135649546927747
2021-08-01,US,United States,Physicians & Surgeons,14.347064569369127,14.691137132932468
2021-08-01,US,United States,Production & Manufacturing,35.46382117694028,37.107216055817595
2021-08-01,US,United States,Project Management,15.58876289320264,16.530414923240638
2021-08-01,US,United States,Retail,15.551724502638844,15.71949701338088
2021-08-01,US,United States,Sales,23.258511122950885,25.898936522493074
2021-08-01,US,United States,Scientific Research & Development,9.20226843100189,9.509200865627252
2021-08-01,US,United States,Security & Public Safety,39.36517615719753,39.702750716439695
2021-08-01,US,United States,Social Science,33.311691824920196,35.581106247567384
2021-08-01,US,United States,Software Development,8.701892291726468,8.968601945290148
2021-08-01,US,United States,Therapy,26.283842098158956,28.317280468218485
2021-09-01,US,United States,Accounting,19.192684849989764,21.19864907626814
2021-09-01,US,United States,Administrative Assistance,32.89565886173303,34.26911912701629
2021-09-01,US,United States,Architecture,26.186587240584164,27.850164565707306
2021-09-01,US,United States,Arts & Entertainment,21.95026434305855,22.818026139892424
2021-09-01,US,United States,Aviation,22.23166585721224,21.379100314713593
2021-09-01,US,United States,Banking & Finance,9.271805360262473,9.997480993345956
2021-09-01,US,United States,Childcare,63.78935939196525,64.204767553526
2021-09-01,US,United States,Civil Engineering,18.11098366491318,19.705755034875896
2021-09-01,US,United States,Cleaning & Sanitation,38.944367262399204,40.44775145151345
2021-09-01,US,United States,Community & Social Service,34.139065614504545,35.13096176014542
2021-09-01,US,United States,Construction,51.24837604818708,53.69211019441651
2021-09-01,US,United States,Customer Service,23.643992693205043,24.97000242489455
2021-09-01,US,United States,Data & Analytics,7.71875373045243,7.721050702555774
2021-09-01,US,United States,Dental,47.86840535242479,49.83846947113032
2021-09-01,US,United States,Driving,50.67346533342163,51.15204071341454
2021-09-01,US,United States,Education & Instruction,32.33931266893671,31.969478204742142
2021-09-01,US,United States,Electrical Engineering,14.548570689432156,15.79954025837398
2021-09-01,US,United States,Food Preparation & Service,25.319888390294174,24.99066286814076
2021-09-01,US,United States,Hospitality & Tourism,25.654046791021184,26.435057054463556
2021-09-01,US,United States,Human Resources,16.80933575265948,17.69394966974375
2021-09-01,US,United States,"IT Infrastructure, Operations & Support",16.30689011437032,16.900426385679065
2021-09-01,US,United States,IT Systems & Solutions,8.34297102872397,8.66611754487471
2021-09-01,US,United States,Industrial Engineering,8.1550121466913,8.225384841141336
2021-09-01,US,United States,Installation & Maintenance,34.12114329753352,35.57873298029153
2021-09-01,US,United States,Insurance,27.68259020714694,30.67431282017954
2021-09-01,US,United States,Legal,27.152560773440136,27.659469215031084
2021-09-01,US,United States,Loading & Stocking,35.66788800315774,36.47652229091448
2021-09-01,US,United States,Logistic Support,24.018422567645363,26.601432839356693
2021-09-01,US,United States,Management,13.374048722096163,13.748700291275256
2021-09-01,US,United States,Marketing,20.198855897575594,21.13133551300264
2021-09-01,US,United States,Mechanical Engineering,14.204420295175858,15.003352429891399
2021-09-01,US,United States,Media & Communications,22.783174405133234,24.979925908725594
2021-09-01,US,United States,Medical Information,15.164818237831176,15.794013231185337
2021-09-01,US,United States,Medical Technician,14.406816798539257,14.981294035903266
2021-09-01,US,United States,Nursing,16.870208828971716,17.712602626687936
2021-09-01,US,United States,Personal Care & Home Health,35.60159172750074,37.04435792134214
2021-09-01,US,United States,Pharmacy,11.644837675909155,11.598009607303034
2021-09-01,US,United States,Physicians & Surgeons,13.769680040629762,14.36093028113928
2021-09-01,US,United States,Production & Manufacturing,35.397808265993945,36.26427195274049
2021-09-01,US,United States,Project Management,15.382612026043663,15.960717234542557
2021-09-01,US,United States,Retail,16.001995188075817,15.80503577010611
2021-09-01,US,United States,Sales,23.52907501187509,24.412970579117385
2021-09-01,US,United States,Scientific Research & Development,9.215845617355702,9.414604124126642
2021-09-01,US,United States,Security & Public Safety,39.34711076788772,39.500485850974975
2021-09-01,US,United States,Social Science,32.682060390763766,34.10472890104152
2021-09-01,US,United States,Software Development,8.604563983713193,8.80394426551551
2021-09-01,US,United States,Therapy,26.41347708456895,27.41626179304995
2021-10-01,US,United States,Accounting,19.114158830731682,19.53731835452666
2021-10-01,US,United States,Administrative Assistance,32.61043557282265,33.140817638473415
2021-10-01,US,United States,Architecture,25.10651657173611,26.076096486737967
2021-10-01,US,United States,Arts & Entertainment,20.209753075493406,21.589686348615306
2021-10-01,US,United States,Aviation,20.625872498836667,21.186058432908027
2021-10-01,US,United States,Banking & Finance,9.06832298136646,9.359859908757068
2021-10-01,US,United States,Childcare,63.715165421348864,63.876917254989955
2021-10-01,US,United States,Civil Engineering,20.123698371654203,19.238493076996818
2021-10-01,US,United States,Cleaning & Sanitation,38.598720564636174,39.12528965561599
2021-10-01,US,United States,Community & Social Service,34.09697191169875,34.22204314674473
2021-10-01,US,United States,Construction,49.99800766649931,51.125764082509534
2021-10-01,US,United States,Customer Service,23.381210521968587,23.788071123888916
2021-10-01,US,United States,Data & Analytics,7.746219519000055,7.7216932130296305
2021-10-01,US,United States,Dental,48.35483021847855,48.355777830206705
2021-10-01,US,United States,Driving,50.782351337668906,50.47292224932635
2021-10-01,US,United States,Education & Instruction,31.822667416517227,32.17610125615308
2021-10-01,US,United States,Electrical Engineering,13.86049578849555,14.712722917145163
2021-10-01,US,United States,Food Preparation & Service,25.062360484624662,24.808362698311385
2021-10-01,US,United States,Hospitality & Tourism,26.382653163945317,25.96488976237551
2021-10-01,US,United States,Human Resources,16.76284693597142,16.919825225701498
2021-10-01,US,United States,"IT Infrastructure, Operations & Support",16.852068096613607,16.572646194683525
2021-10-01,US,United States,IT Systems & Solutions,8.170700513650097,8.270885412341594
2021-10-01,US,United States,Industrial Engineering,7.902971303254794,8.030860293690525
2021-10-01,US,United States,Installation & Maintenance,33.75959338527036,34.135169364313434
2021-10-01,US,United States,Insurance,28.016015921152388,28.41878189534628
2021-10-01,US,United States,Legal,26.660127095150767,26.901081339865744
2021-10-01,US,United States,Loading & Stocking,35.41810098127856,35.70142409666543
2021-10-01,US,United States,Logistic Support,26.847704367301233,25.644125572382336
2021-10-01,US,United States,Management,13.667939099673085,13.484918593090443
2021-10-01,US,United States,Marketing,20.335131077812683,20.379021631469666
2021-10-01,US,United States,Mechanical Engineering,13.895815081878832,14.310270211053956
2021-10-01,US,United States,Media & Communications,22.724673382307657,23.296721337756452
2021-10-01,US,United States,Medical Information,15.269732078204202,15.274175445344971
2021-10-01,US,United States,Medical Technician,14.50804749935321,14.533336403229356
2021-10-01,US,United States,Nursing,16.68991378103674,16.84899627027068
2021-10-01,US,United States,Personal Care & Home Health,36.53317601332593,36.07137253709919
2021-10-01,US,United States,Pharmacy,11.865500512785058,11.659542211174935
2021-10-01,US,United States,Physicians & Surgeons,12.912331276368933,13.676358628789274
2021-10-01,US,United States,Production & Manufacturing,35.12758874932923,35.32973939742116
2021-10-01,US,United States,Project Management,14.966993690506584,15.312789536584292
2021-10-01,US,United States,Retail,16.246849671186204,15.933523120633625
2021-10-01,US,United States,Sales,24.072619080247648,23.62006840502455
2021-10-01,US,United States,Scientific Research & Development,9.552427486430357,9.32351384492931
2021-10-01,US,United States,Security & Public Safety,39.12698285402666,39.2797565930373
2021-10-01,US,United States,Social Science,32.24769003011894,32.74714741526764
2021-10-01,US,United States,Software Development,8.90179169601292,8.736082657150863
2021-10-01,US,United States,Therapy,26.907476196575725,26.534931793101205
2021-11-01,US,United States,Accounting,18.887124682739863,19.064656121153774
2021-11-01,US,United States,Administrative Assistance,30.98957340349361,32.1652226126831
2021-11-01,US,United States,Architecture,24.20529052679177,25.166131446370674
2021-11-01,US,United States,Arts & Entertainment,21.039562591027387,21.06652666985978
2021-11-01,US,United States,Aviation,20.878995433789953,21.245511263279624
2021-11-01,US,United States,Banking & Finance,8.730514518593989,9.02354762007431
2021-11-01,US,United States,Childcare,63.362964193735984,63.622496335683344
2021-11-01,US,United States,Civil Engineering,17.419564510887227,18.551415515818206
2021-11-01,US,United States,Cleaning & Sanitation,37.861437160034356,38.468174995689914
2021-11-01,US,United States,Community & Social Service,34.490729707830894,34.24225574467806
2021-11-01,US,United States,Construction,49.02161457649951,50.08933276372863
2021-11-01,US,United States,Customer Service,22.75962113190314,23.261608115692255
2021-11-01,US,United States,Data & Analytics,7.619708382890622,7.694893877447704
2021-11-01,US,United States,Dental,45.51391920904974,47.24571825998438
2021-11-01,US,United States,Driving,51.33188710912589,50.92923459340546
2021-11-01,US,United States,Education & Instruction,29.913787713533452,31.35858926632912
2021-11-01,US,United States,Electrical Engineering,13.923194542460598,14.110753673462762
2021-11-01,US,United States,Food Preparation & Service,22.83453376309255,24.405594212670454
2021-11-01,US,United States,Hospitality & Tourism,26.25373528754091,26.096811747502468
2021-11-01,US,United States,Human Resources,16.436778512641602,16.6696537337575
2021-11-01,US,United States,"IT Infrastructure, Operations & Support",16.940431426875126,16.699796545953024
2021-11-01,US,United States,IT Systems & Solutions,7.929840226199657,8.147837256191245
2021-11-01,US,United States,Industrial Engineering,7.7009459388046295,7.919643129583574
2021-11-01,US,United States,Installation & Maintenance,32.668854036856544,33.516530239886805
2021-11-01,US,United States,Insurance,28.027599333809185,27.90873515403616
2021-11-01,US,United States,Legal,26.18421804468316,26.665635304424697
2021-11-01,US,United States,Loading & Stocking,34.81689329539702,35.30096075994445
2021-11-01,US,United States,Logistic Support,28.247032803768295,26.37105324623828
2021-11-01,US,United States,Management,12.743838602047362,13.261942141272206
2021-11-01,US,United States,Marketing,20.41502808988764,20.316338355091972
2021-11-01,US,United States,Mechanical Engineering,13.084207657719036,13.728147678257912
2021-11-01,US,United States,Media & Communications,23.144142214606983,22.883996667349283
2021-11-01,US,United States,Medical Information,15.286528652865286,15.240359656300228
2021-11-01,US,United States,Medical Technician,14.344548621554479,14.419804306482318
2021-11-01,US,United States,Nursing,16.60380586890896,16.721309492972473
2021-11-01,US,United States,Personal Care & Home Health,36.37102129042284,36.16859634374983
2021-11-01,US,United States,Pharmacy,11.684764652760952,11.731700947151724
2021-11-01,US,United States,Physicians & Surgeons,12.471655328798185,13.051222215265625
2021-11-01,US,United States,Production & Manufacturing,34.53402126871981,35.019806094681
2021-11-01,US,United States,Project Management,14.422881822661527,14.92416251307059
2021-11-01,US,United States,Retail,15.783296668937252,16.010713842733097
2021-11-01,US,United States,Sales,23.738615895985323,23.780103329369364
2021-11-01,US,United States,Scientific Research & Development,9.666264893596,9.478179332460682
2021-11-01,US,United States,Security & Public Safety,39.58473373664949,39.35294245285462
2021-11-01,US,United States,Social Science,31.032181902171125,31.987310774351283
2021-11-01,US,United States,Software Development,8.845798045739887,8.784051241822004
2021-11-01,US,United States,Therapy,27.434505342985176,26.918486208043277
2021-12-01,US,United States,Accounting,19.432073707042367,19.144452406837974
2021-12-01,US,United States,Administrative Assistance,30.348279177747557,31.316096051354616
2021-12-01,US,United States,Architecture,24.23537991704271,24.51572900519019
2021-12-01,US,United States,Arts & Entertainment,19.572919886809505,20.27407851777676
2021-12-01,US,United States,Aviation,22.32792389479575,21.277597275807462
2021-12-01,US,United States,Banking & Finance,7.698996346144951,8.499277948701804
2021-12-01,US,United States,Childcare,63.110248243968414,63.39612595301774
2021-12-01,US,United States,Civil Engineering,17.303583312900628,18.282282065147356
2021-12-01,US,United States,Cleaning & Sanitation,37.875047736032535,38.1117351535677
2021-12-01,US,United States,Community & Social Service,34.32038884072979,34.302696820086474
2021-12-01,US,United States,Construction,47.71887363276704,48.91283195858861
2021-12-01,US,United States,Customer Service,22.832651100175294,22.99116091801567
2021-12-01,US,United States,Data & Analytics,7.244696297491328,7.536874733127337
2021-12-01,US,United States,Dental,45.08726742196365,46.318672283164
2021-12-01,US,United States,Driving,50.13703731083786,50.750425252544204
2021-12-01,US,United States,Education & Instruction,29.223440671824264,30.31996526729164
2021-12-01,US,United States,Electrical Engineering,13.886845744211362,13.890178691722499
2021-12-01,US,United States,Food Preparation & Service,23.98635605681006,23.96108343484242
2021-12-01,US,United States,Hospitality & Tourism,25.32327364677343,25.986554032753215
2021-12-01,US,United States,Human Resources,16.714597875972185,16.638074441528403
2021-12-01,US,United States,"IT Infrastructure, Operations & Support",15.890063340459967,16.560854287982906
2021-12-01,US,United States,IT Systems & Solutions,7.120424453670548,7.740321731173438
2021-12-01,US,United States,Industrial Engineering,7.520905832857217,7.708274358305547
2021-12-01,US,United States,Installation & Maintenance,32.60386116295417,33.01076952836035
2021-12-01,US,United States,Insurance,28.43463780183181,28.159417685597784
2021-12-01,US,United States,Legal,22.47310872077518,25.105817953536377
2021-12-01,US,United States,Loading & Stocking,33.79512177022509,34.6767053489669
2021-12-01,US,United States,Logistic Support,25.203816765985447,26.766184645684977
2021-12-01,US,United States,Management,13.200399118814099,13.204058940178184
2021-12-01,US,United States,Marketing,19.28751523883409,20.01255813551147
2021-12-01,US,United States,Mechanical Engineering,12.981469914636683,13.32049755141152
2021-12-01,US,United States,Media & Communications,22.815318317117598,22.894711304677404
2021-12-01,US,United States,Medical Information,14.894742574411476,15.150334435160326
2021-12-01,US,United States,Medical Technician,15.250861038242588,14.701152386383427
2021-12-01,US,United States,Nursing,17.72691644458379,17.006878698176497
2021-12-01,US,United States,Personal Care & Home Health,36.72175872022928,36.54198534132601
2021-12-01,US,United States,Pharmacy,12.385387537739948,11.978550901095323
2021-12-01,US,United States,Physicians & Surgeons,13.235314119391212,12.873100241519444
2021-12-01,US,United States,Production & Manufacturing,34.550301068615084,34.737303695554715
2021-12-01,US,United States,Project Management,14.384742650908558,14.591539388025552
2021-12-01,US,United States,Retail,19.056157415629542,17.02876791858434
2021-12-01,US,United States,Sales,23.741541079433105,23.8509253518887
2021-12-01,US,United States,Scientific Research & Development,10.1151421270214,9.77794483568258
2021-12-01,US,United States,Security & Public Safety,35.86007595358056,38.190597514752234
2021-12-01,US,United States,Social Science,29.656195894138015,30.978689275476032
2021-12-01,US,United States,Software Development,8.429570194164482,8.7257199786391
2021-12-01,US,United States,Therapy,26.39851562759369,26.91349905571819
2022-01-01,US,United States,Accounting,21.21483145166142,19.844676613814556
2022-01-01,US,United States,Administrative Assistance,31.41001721418779,30.915956598476328
2022-01-01,US,United States,Architecture,25.214842181350893,24.55183754172845
2022-01-01,US,United States,Arts & Entertainment,21.033810888252148,20.54876445536301
2022-01-01,US,United States,Aviation,22.931512272367378,22.046143866984366
2022-01-01,US,United States,Banking & Finance,8.573384344173137,8.334298402970697
2022-01-01,US,United States,Childcare,64.17551037804202,63.54957427191545
2022-01-01,US,United States,Civil Engineering,17.478255139694255,17.40046765449404
2022-01-01,US,United States,Cleaning & Sanitation,37.527904251436034,37.754796382500984
2022-01-01,US,United States,Community & Social Service,34.89192894437476,34.567682497645144
2022-01-01,US,United States,Construction,47.30558984306119,48.0153593507759
2022-01-01,US,United States,Customer Service,23.53376826156074,23.042013497879722
2022-01-01,US,United States,Data & Analytics,7.707483255061975,7.523962645147975
2022-01-01,US,United States,Dental,44.4008350730689,45.00067390136078
2022-01-01,US,United States,Driving,50.73208730995671,50.733670576640144
2022-01-01,US,United States,Education & Instruction,29.554498328438207,29.563908904598634
2022-01-01,US,United States,Electrical Engineering,14.319400387390168,14.04314689135404
2022-01-01,US,United States,Food Preparation & Service,23.260470023905356,23.360453281269315
2022-01-01,US,United States,Hospitality & Tourism,24.356950506082274,25.31131981346553
2022-01-01,US,United States,Human Resources,17.442690076620032,16.864688821744608
2022-01-01,US,United States,"IT Infrastructure, Operations & Support",16.66105396849833,16.49718291194448
2022-01-01,US,United States,IT Systems & Solutions,8.02609445372274,7.692119711197653
2022-01-01,US,United States,Industrial Engineering,7.9833582877199865,7.735070019793945
2022-01-01,US,United States,Installation & Maintenance,32.98009198903704,32.75093572961591
2022-01-01,US,United States,Insurance,27.791694133157545,28.08464375626617
2022-01-01,US,United States,Legal,25.60934934318555,24.755558702881306
2022-01-01,US,United States,Loading & Stocking,32.95424646845883,33.855420511360315
2022-01-01,US,United States,Logistic Support,23.393425599645916,25.61475838979987
2022-01-01,US,United States,Management,13.282306784670958,13.075514835177474
2022-01-01,US,United States,Marketing,20.121449559255634,19.94133096265912
2022-01-01,US,United States,Mechanical Engineering,13.517650123746256,13.19444256536733
2022-01-01,US,United States,Media & Communications,23.665888434920372,23.20844965554831
2022-01-01,US,United States,Medical Information,15.573037591386216,15.251436272887666
2022-01-01,US,United States,Medical Technician,14.512585930635241,14.70266519681077
2022-01-01,US,United States,Nursing,18.203969683832614,17.511563999108457
2022-01-01,US,United States,Personal Care & Home Health,37.20416491752059,36.7656483093909
2022-01-01,US,United States,Pharmacy,12.787344949626295,12.285832380042402
2022-01-01,US,United States,Physicians & Surgeons,13.116166617369052,12.94104535518615
2022-01-01,US,United States,Production & Manufacturing,34.97150044154245,34.68527425962579
2022-01-01,US,United States,Project Management,15.1815137486158,14.663046074061958
2022-01-01,US,United States,Retail,16.382148755654107,17.07386761340697
2022-01-01,US,United States,Sales,24.315712370852758,23.931956448757074
2022-01-01,US,United States,Scientific Research & Development,10.537186220818302,10.106197747145227
2022-01-01,US,United States,Security & Public Safety,33.23804539805063,36.22761836276023
2022-01-01,US,United States,Social Science,31.319878031073035,30.669418609127394
2022-01-01,US,United States,Software Development,9.170714689297672,8.815360976400683
2022-01-01,US,United States,Therapy,25.81545432580355,26.549491765460797
2022-02-01,US,United States,Accounting,21.51771013801276,20.721538432238855
2022-02-01,US,United States,Administrative Assistance,32.152124898966264,31.30347376363388
2022-02-01,US,United States,Architecture,26.276175571950223,25.242132556781268
2022-02-01,US,United States,Arts & Entertainment,21.524456102453325,20.71039562583832
2022-02-01,US,United States,Aviation,25.407230830353594,23.555555665838913
2022-02-01,US,United States,Banking & Finance,8.694572543455125,8.322317744591077
2022-02-01,US,United States,Childcare,64.71230281313069,63.99935381171369
2022-02-01,US,United States,Civil Engineering,18.002982517371578,17.59494032332216
2022-02-01,US,United States,Cleaning & Sanitation,39.681188729557,38.36138023900853
2022-02-01,US,United States,Community & Social Service,36.64381592481616,35.2853779033069
2022-02-01,US,United States,Construction,48.815585935866885,47.9466831372317
2022-02-01,US,United States,Customer Service,24.799524512492418,23.72198129140948
2022-02-01,US,United States,Data & Analytics,7.9611049060003936,7.637761486184566
2022-02-01,US,United States,Dental,49.145275554328826,46.21112601645381
2022-02-01,US,United States,Driving,53.19641818332917,51.3551809347079
2022-02-01,US,United States,Education & Instruction,29.913183040438003,29.56370734690015
2022-02-01,US,United States,Electrical Engineering,15.497995014630975,14.568080382077497
2022-02-01,US,United States,Food Preparation & Service,24.424033662351473,23.89028658102229
2022-02-01,US,United States,Hospitality & Tourism,27.272013350348484,25.65074583440139
2022-02-01,US,United States,Human Resources,17.57880963242179,17.24536586167134
2022-02-01,US,United States,"IT Infrastructure, Operations & Support",17.343032888347203,16.631383399101846
2022-02-01,US,United States,IT Systems & Solutions,8.190066995952447,7.778861967781917
2022-02-01,US,United States,Industrial Engineering,8.68703127004677,8.063765130207992
2022-02-01,US,United States,Installation & Maintenance,34.71112099999429,33.431691383995165
2022-02-01,US,United States,Insurance,28.022412507625223,28.082914814204845
2022-02-01,US,United States,Legal,25.537482493427355,24.53998018579604
2022-02-01,US,United States,Loading & Stocking,34.78645066273932,33.845272967141085
2022-02-01,US,United States,Logistic Support,24.444815495074305,24.34735262023521
2022-02-01,US,United States,Management,14.19939068969607,13.560698864393709
2022-02-01,US,United States,Marketing,20.578541286923517,19.99583536167108
2022-02-01,US,United States,Mechanical Engineering,14.444238377843718,13.647786138742225
2022-02-01,US,United States,Media & Communications,25.09024538633137,23.857150712789775
2022-02-01,US,United States,Medical Information,15.972767333234888,15.480182499677534
2022-02-01,US,United States,Medical Technician,14.138260691016432,14.633902553298087
2022-02-01,US,United States,Nursing,17.674699867841255,17.86852866541922
2022-02-01,US,United States,Personal Care & Home Health,37.933008475167895,37.28631070430591
2022-02-01,US,United States,Pharmacy,11.988714794275058,12.387149093880437
2022-02-01,US,United States,Physicians & Surgeons,13.098966181422714,13.150148972727662
2022-02-01,US,United States,Production & Manufacturing,35.93040251363155,35.15073467459637
2022-02-01,US,United States,Project Management,15.49185255497548,15.019369651499943
2022-02-01,US,United States,Retail,16.936723906830885,17.458343359371515
2022-02-01,US,United States,Sales,24.973512827572996,24.343588759286295
2022-02-01,US,United States,Scientific Research & Development,10.47653429602888,10.376287547956188
2022-02-01,US,United States,Security & Public Safety,36.877002212466586,35.32504118803259
2022-02-01,US,United States,Social Science,32.05190044375844,31.0093247896565
2022-02-01,US,United States,Software Development,9.831915350227884,9.14406674456335
2022-02-01,US,United States,Therapy,28.75949851660446,26.991156156667227
2022-03-01,US,United States,Accounting,22.027383138897562,21.586641576190587
2022-03-01,US,United States,Administrative Assistance,33.20329085071992,32.25514432129133
2022-03-01,US,United States,Architecture,26.962616822429908,26.151211525243667
2022-03-01,US,United States,Arts & Entertainment,21.910545986350343,21.489604325685267
2022-03-01,US,United States,Aviation,27.583378895571347,25.30737399943078
2022-03-01,US,United States,Banking & Finance,9.482794875892639,8.916917254506972
2022-03-01,US,United States,Childcare,66.0177995898037,64.9685375936588
2022-03-01,US,United States,Civil Engineering,18.85343459532986,18.111557417465235
2022-03-01,US,United States,Cleaning & Sanitation,41.55746936981485,39.58885411693597
2022-03-01,US,United States,Community & Social Service,37.99050857061907,36.50875114660332
2022-03-01,US,United States,Construction,51.23114214391664,49.117439307614895
2022-03-01,US,United States,Customer Service,26.64648115217635,24.993257975409833
2022-03-01,US,United States,Data & Analytics,8.76713056411346,8.145239575058609
2022-03-01,US,United States,Dental,50.142132823539185,47.89608115031232
2022-03-01,US,United States,Driving,52.88808886503045,52.27219811943877
2022-03-01,US,United States,Education & Instruction,30.11023576602314,29.85930571163311
2022-03-01,US,United States,Electrical Engineering,17.09983240363209,15.63907593521774
2022-03-01,US,United States,Food Preparation & Service,28.003901158363796,25.229468281540203
2022-03-01,US,United States,Hospitality & Tourism,29.49861581051984,27.042526555650195
2022-03-01,US,United States,Human Resources,18.499029470875538,17.840176393305786
2022-03-01,US,United States,"IT Infrastructure, Operations & Support",18.551145384440918,17.518410747095494
2022-03-01,US,United States,IT Systems & Solutions,9.367446730304414,8.527869393326538
2022-03-01,US,United States,Industrial Engineering,9.897614686996624,8.856001414921126
2022-03-01,US,United States,Installation & Maintenance,36.41139518195273,34.70086939032802
2022-03-01,US,United States,Insurance,29.3509928301341,28.38836649030561
2022-03-01,US,United States,Legal,26.987358169768328,26.044730002127086
2022-03-01,US,United States,Loading & Stocking,36.415045265003734,34.71858079873397
2022-03-01,US,United States,Logistic Support,25.325557608048488,24.387932900922888
2022-03-01,US,United States,Management,15.436238745929924,14.305978740098986
2022-03-01,US,United States,Marketing,21.27309791543368,20.65769625387094
2022-03-01,US,United States,Mechanical Engineering,15.145752320399646,14.369213607329877
2022-03-01,US,United States,Media & Communications,25.780670206085514,24.845601342445747
2022-03-01,US,United States,Medical Information,16.843583678296866,16.129796200972667
2022-03-01,US,United States,Medical Technician,14.873601559132732,14.5081493935948
2022-03-01,US,United States,Nursing,18.697072087992876,18.191913879888915
2022-03-01,US,United States,Personal Care & Home Health,39.81419868336897,38.31712402535248
2022-03-01,US,United States,Pharmacy,11.880755182879778,12.218938308927045
2022-03-01,US,United States,Physicians & Surgeons,12.848593362929533,13.021242053907102
2022-03-01,US,United States,Production & Manufacturing,37.55201899667798,36.151307317284
2022-03-01,US,United States,Project Management,16.288090288090288,15.653818863893854
2022-03-01,US,United States,Retail,18.54189124172498,17.28692130140333
2022-03-01,US,United States,Sales,23.921817598173842,24.403680932199876
2022-03-01,US,United States,Scientific Research & Development,11.141669981128723,10.718463499325296
2022-03-01,US,United States,Security & Public Safety,39.626511852926946,36.58051982114805
2022-03-01,US,United States,Social Science,33.38963232428219,32.253803599704554
2022-03-01,US,United States,Software Development,11.409916415036541,10.137515484854035
2022-03-01,US,United States,Therapy,29.89432577625642,28.15642620622147
2022-04-01,US,United States,Accounting,21.934492094121712,21.82652845701068
2022-04-01,US,United States,Administrative Assistance,33.628778298729934,32.99473134947205
2022-04-01,US,United States,Architecture,28.427487069255054,27.222093154545053
2022-04-01,US,United States,Arts & Entertainment,23.185761777345334,22.20692128871633
2022-04-01,US,United States,Aviation,31.887148363815303,28.292586029913423
2022-04-01,US,United States,Banking & Finance,9.782399383785865,9.319922267711215
2022-04-01,US,United States,Childcare,66.70126596355954,65.81045612216464
2022-04-01,US,United States,Civil Engineering,20.672336053878205,19.176251055526553
2022-04-01,US,United States,Cleaning & Sanitation,42.08206728531932,41.10690846156373
2022-04-01,US,United States,Community & Social Service,38.854625290666796,37.82964992870066
2022-04-01,US,United States,Construction,51.895729677736334,50.64748591917328
2022-04-01,US,United States,Customer Service,27.199545128082352,26.215183597583703
2022-04-01,US,United States,Data & Analytics,9.257826740288262,8.662020736800706
2022-04-01,US,United States,Dental,50.75987841945289,50.01576226577365
2022-04-01,US,United States,Driving,52.052716412249936,52.712407820203175
2022-04-01,US,United States,Education & Instruction,28.999574217658846,29.674331008039985
2022-04-01,US,United States,Electrical Engineering,17.29979849242481,16.632541970229287
2022-04-01,US,United States,Food Preparation & Service,29.09482017487498,27.174251665196746
2022-04-01,US,United States,Hospitality & Tourism,30.46349825221834,29.078042471028883
2022-04-01,US,United States,Human Resources,18.744798725539148,18.274212609612157
2022-04-01,US,United States,"IT Infrastructure, Operations & Support",18.86649298414004,18.253557085642733
2022-04-01,US,United States,IT Systems & Solutions,9.781559290646403,9.11302433896776
2022-04-01,US,United States,Industrial Engineering,11.061483939922372,9.88204329898859
2022-04-01,US,United States,Installation & Maintenance,37.60290291870096,36.24180636688266
2022-04-01,US,United States,Insurance,30.73920054315539,29.370868626971557
2022-04-01,US,United States,Legal,27.553109062944504,26.692649908713406
2022-04-01,US,United States,Loading & Stocking,36.44328932321447,35.88159508365251
2022-04-01,US,United States,Logistic Support,26.15442255455993,25.308265219227554
2022-04-01,US,United States,Management,15.97585488870613,15.203828108110711
2022-04-01,US,United States,Marketing,21.06041103399006,20.97068341211575
2022-04-01,US,United States,Mechanical Engineering,16.005154639175256,15.198381779139545
2022-04-01,US,United States,Media & Communications,24.838684749430083,25.236533447282316
2022-04-01,US,United States,Medical Information,17.2852703352753,16.70054044893569
2022-04-01,US,United States,Medical Technician,15.568965959520817,14.860276069889993
2022-04-01,US,United States,Nursing,19.44355006723612,18.605107341023416
2022-04-01,US,United States,Personal Care & Home Health,40.49350991632075,39.413572358285855
2022-04-01,US,United States,Pharmacy,11.450080854475534,11.773183610543457
2022-04-01,US,United States,Physicians & Surgeons,12.964449328871492,12.970669624407916
2022-04-01,US,United States,Production & Manufacturing,38.873337141924424,37.45191955074466
2022-04-01,US,United States,Project Management,16.795811012399064,16.19191795182161
2022-04-01,US,United States,Retail,18.659521107826627,18.046045418794172
2022-04-01,US,United States,Sales,23.8165684764416,24.237299634062822
2022-04-01,US,United States,Scientific Research & Development,11.569577861989954,11.062594046382515
2022-04-01,US,United States,Security & Public Safety,37.96817697858748,38.15723034799366
2022-04-01,US,United States,Social Science,33.80675610715379,33.082762958398135
2022-04-01,US,United States,Software Development,12.491769509481157,11.244533758248531
2022-04-01,US,United States,Therapy,29.88394386880966,29.51258938722351
2022-05-01,US,United States,Accounting,23.74053638885841,22.567470540625894
2022-05-01,US,United States,Administrative Assistance,34.172952769945184,33.66834063979835
2022-05-01,US,United States,Architecture,28.791030567993513,28.060378153226154
2022-05-01,US,United States,Arts & Entertainment,22.589278581129662,22.561862114941775
2022-05-01,US,United States,Aviation,33.134377849622815,30.86830170300316
2022-05-01,US,United States,Banking & Finance,9.623613957756262,9.629602739144929
2022-05-01,US,United States,Childcare,66.20958118972634,66.30954891436319
2022-05-01,US,United States,Civil Engineering,21.158991290487847,20.228253979898643
2022-05-01,US,United States,Cleaning & Sanitation,41.91433418724273,41.851290280792306
2022-05-01,US,United States,Community & Social Service,39.65626079395896,38.83379821841493
2022-05-01,US,United States,Construction,52.23136323946736,51.78607835370676
2022-05-01,US,United States,Customer Service,27.665903675930213,27.170643318729635
2022-05-01,US,United States,Data & Analytics,9.793311701708648,9.272756335370124
2022-05-01,US,United States,Dental,52.18428839606732,51.028766546353154
2022-05-01,US,United States,Driving,52.45345035320322,52.46475187682787
2022-05-01,US,United States,Education & Instruction,29.31746531286061,29.475758432180854
2022-05-01,US,United States,Electrical Engineering,18.02358925766152,17.474406717906135
2022-05-01,US,United States,Food Preparation & Service,26.86826744611356,27.988996259784106
2022-05-01,US,United States,Hospitality & Tourism,28.24708496180854,29.40306634151557
2022-05-01,US,United States,Human Resources,19.359460755913556,18.867762984109408
2022-05-01,US,United States,"IT Infrastructure, Operations & Support",19.06119742326639,18.82627859728246
2022-05-01,US,United States,IT Systems & Solutions,9.912598470473233,9.687201497141354
2022-05-01,US,United States,Industrial Engineering,11.05073513225429,10.669944586391097
2022-05-01,US,United States,Installation & Maintenance,38.36446078400129,37.459586294885
2022-05-01,US,United States,Insurance,31.013929667321577,30.36804101353701
2022-05-01,US,United States,Legal,28.68861280177929,27.743026678164046
2022-05-01,US,United States,Loading & Stocking,35.89195581930688,36.25009680250836
2022-05-01,US,United States,Logistic Support,24.919954682035367,25.466644948214576
2022-05-01,US,United States,Management,15.249687476396954,15.553927037011002
2022-05-01,US,United States,Marketing,21.597844900508843,21.31045128331086
2022-05-01,US,United States,Mechanical Engineering,16.462341708252808,15.87108288927591
2022-05-01,US,United States,Media & Communications,23.26051855013827,24.626624501884617
2022-05-01,US,United States,Medical Information,17.12207648424646,17.08364349927288
2022-05-01,US,United States,Medical Technician,15.81752240636293,15.420029975005493
2022-05-01,US,United States,Nursing,19.941269661649883,19.360630605626294
2022-05-01,US,United States,Personal Care & Home Health,40.95999256540124,40.422567055030306
2022-05-01,US,United States,Pharmacy,12.052738741047655,11.794524926134324
2022-05-01,US,United States,Physicians & Surgeons,13.426959912177763,13.080000867992931
2022-05-01,US,United States,Production & Manufacturing,38.83748703474894,38.42094772445046
2022-05-01,US,United States,Project Management,17.495747235703206,16.859882845397518
2022-05-01,US,United States,Retail,18.704084303536867,18.6351655510295
2022-05-01,US,United States,Sales,23.905441015996843,23.881275696870773
2022-05-01,US,United States,Scientific Research & Development,11.760297546352836,11.490515129823834
2022-05-01,US,United States,Security & Public Safety,38.984778644514236,38.85982249200955
2022-05-01,US,United States,Social Science,34.43438508425959,33.876924505231855
2022-05-01,US,United States,Software Development,13.275732418369312,12.392472780962342
2022-05-01,US,United States,Therapy,30.257811499767524,30.01202704827786
2022-06-01,US,United States,Accounting,24.604641041365806,23.42655650811531
2022-06-01,US,United States,Administrative Assistance,34.49776163679186,34.09983090182234
2022-06-01,US,United States,Architecture,28.80393777170984,28.67415180298613
2022-06-01,US,United States,Arts & Entertainment,22.74339687152748,22.839479076667487
2022-06-01,US,United States,Aviation,30.194198423661334,31.738574879033155
2022-06-01,US,United States,Banking & Finance,9.633422994689289,9.679812112077146
2022-06-01,US,United States,Childcare,65.69761593401067,66.20282102909886
2022-06-01,US,United States,Civil Engineering,22.36223166177267,21.397853002046247
2022-06-01,US,United States,Cleaning & Sanitation,42.2103614196049,42.06892096405566
2022-06-01,US,United States,Community & Social Service,39.28829496152741,39.26639368205104
2022-06-01,US,United States,Construction,52.41711185768574,52.1814015916298
2022-06-01,US,United States,Customer Service,27.622336746324784,27.495928516779113
2022-06-01,US,United States,Data & Analytics,9.615181663804433,9.555440035267116
2022-06-01,US,United States,Dental,51.341196760186016,51.42845452523543
2022-06-01,US,United States,Driving,53.66245218574054,52.72287298373123
2022-06-01,US,United States,Education & Instruction,29.98166426948034,29.432901266666587
2022-06-01,US,United States,Electrical Engineering,19.16347193551558,18.1622865618673
2022-06-01,US,United States,Food Preparation & Service,27.322812381263752,27.761966667417425
2022-06-01,US,United States,Hospitality & Tourism,28.24371889792451,28.98476737065046
2022-06-01,US,United States,Human Resources,19.974969684786625,19.359743055413105
2022-06-01,US,United States,"IT Infrastructure, Operations & Support",19.579456996392633,19.1690491345997
2022-06-01,US,United States,IT Systems & Solutions,10.636156993483862,10.110104918201172
2022-06-01,US,United States,Industrial Engineering,12.029086678301338,11.380435250159335
2022-06-01,US,United States,Installation & Maintenance,38.912387477910265,38.29325039353751
2022-06-01,US,United States,Insurance,31.15053836256518,30.96788952434737
2022-06-01,US,United States,Legal,29.029785234733367,28.423835699819062
2022-06-01,US,United States,Loading & Stocking,35.99242110351495,36.1092220820121
2022-06-01,US,United States,Logistic Support,24.89728980337126,25.32388901332217
2022-06-01,US,United States,Management,16.38019192989142,15.868578098331502
2022-06-01,US,United States,Marketing,21.903591329986675,21.520615754828526
2022-06-01,US,United States,Mechanical Engineering,17.883945512729742,16.78381395338594
2022-06-01,US,United States,Media & Communications,23.27746373087718,23.792222343481836
2022-06-01,US,United States,Medical Information,17.14838293757387,17.185243252365215
2022-06-01,US,United States,Medical Technician,15.945581007624043,15.77735645783593
2022-06-01,US,United States,Nursing,20.697979107004137,20.027599611963378
2022-06-01,US,United States,Personal Care & Home Health,41.85179033619843,41.10176427264013
2022-06-01,US,United States,Pharmacy,12.129979665088095,11.877599753537098
2022-06-01,US,United States,Physicians & Surgeons,13.056214593521522,13.149207944856927
2022-06-01,US,United States,Production & Manufacturing,39.005628282642576,38.90548415310533
2022-06-01,US,United States,Project Management,17.880130508194846,17.390562918765706
2022-06-01,US,United States,Retail,18.664928189019932,18.67617786679448
2022-06-01,US,United States,Sales,25.320958225053623,24.347655905830702
2022-06-01,US,United States,Scientific Research & Development,12.088586094964898,11.806153834435891
2022-06-01,US,United States,Security & Public Safety,39.6800195407914,38.87765838796437
2022-06-01,US,United States,Social Science,35.1810893005253,34.474076830646226
2022-06-01,US,United States,Software Development,13.161597680386395,12.976366536078958
2022-06-01,US,United States,Therapy,30.881719989342297,30.34115845263982
2022-07-01,US,United States,Accounting,24.519717083191757,24.28829817113866
2022-07-01,US,United States,Administrative Assistance,35.484854455517414,34.718522954084825
2022-07-01,US,United States,Architecture,29.301812090756812,28.96559347682005
2022-07-01,US,United States,Arts & Entertainment,24.117607958699843,23.15009447045232
2022-07-01,US,United States,Aviation,36.16224140739534,33.16360589355984
2022-07-01,US,United States,Banking & Finance,10.458427588753983,9.90515484706652
2022-07-01,US,United States,Childcare,66.46711969223024,66.1247722719891
2022-07-01,US,United States,Civil Engineering,21.96785051067781,21.82969115431278
2022-07-01,US,United States,Cleaning & Sanitation,42.23434426852989,42.11967995845919
2022-07-01,US,United States,Community & Social Service,40.80932570744273,39.91796048764302
2022-07-01,US,United States,Construction,52.57294615088933,52.40714041601413
2022-07-01,US,United States,Customer Service,27.92468009532628,27.73764017252709
2022-07-01,US,United States,Data & Analytics,10.630046075157459,10.012846480223514
2022-07-01,US,United States,Dental,52.79078754154107,52.10542423259816
2022-07-01,US,United States,Driving,54.30563884121503,53.47384712671959
2022-07-01,US,United States,Education & Instruction,32.92685591308575,30.741995165142225
2022-07-01,US,United States,Electrical Engineering,19.9314262832545,19.039495825477193
2022-07-01,US,United States,Food Preparation & Service,27.606042339888415,27.265707389088572
2022-07-01,US,United States,Hospitality & Tourism,29.312458212614217,28.601087357449085
2022-07-01,US,United States,Human Resources,22.025111496179303,20.453180645626492
2022-07-01,US,United States,"IT Infrastructure, Operations & Support",21.102004640648495,19.914219686769187
2022-07-01,US,United States,IT Systems & Solutions,12.058809857424611,10.869188440460576
2022-07-01,US,United States,Industrial Engineering,13.162734422262554,12.080852077606062
2022-07-01,US,United States,Installation & Maintenance,39.712309187288234,38.99638581639993
2022-07-01,US,United States,Insurance,34.24626112487384,32.13690971825352
2022-07-01,US,United States,Legal,30.87141545187619,29.529937829462956
2022-07-01,US,United States,Loading & Stocking,36.4802883774732,36.12155510009834
2022-07-01,US,United States,Logistic Support,25.883319638455216,25.233521374620597
2022-07-01,US,United States,Management,17.05629690280757,16.228725436365316
2022-07-01,US,United States,Marketing,23.191321322663804,22.23091918438644
2022-07-01,US,United States,Mechanical Engineering,19.363852556480378,17.903379925820982
2022-07-01,US,United States,Media & Communications,24.08769652387134,23.541892934962252
2022-07-01,US,United States,Medical Information,18.34177574259432,17.537411721471557
2022-07-01,US,United States,Medical Technician,17.043362547400744,16.26882198712924
2022-07-01,US,United States,Nursing,22.478849198350137,21.039365989001382
2022-07-01,US,United States,Personal Care & Home Health,42.83773692258455,41.883173274728065
2022-07-01,US,United States,Pharmacy,13.180968211094951,12.45456220574357
2022-07-01,US,United States,Physicians & Surgeons,14.087891693830452,13.523688733176579
2022-07-01,US,United States,Production & Manufacturing,39.9300464057136,39.257720574368385
2022-07-01,US,United States,Project Management,19.862717251639957,18.412864998512667
2022-07-01,US,United States,Retail,18.41130739941743,18.59343996399142
2022-07-01,US,United States,Sales,26.882932009032697,25.36977708336107
2022-07-01,US,United States,Scientific Research & Development,12.494758491244184,12.114547377520635
2022-07-01,US,United States,Security & Public Safety,40.81691953259583,39.827239239300475
2022-07-01,US,United States,Social Science,36.174341015569546,35.26327180011815
2022-07-01,US,United States,Software Development,13.831849611524937,13.423059903426884
2022-07-01,US,United States,Therapy,32.25242528039927,31.130652256503026
2022-08-01,US,United States,Accounting,25.306306858210554,24.810221660922707
2022-08-01,US,United States,Administrative Assistance,37.103712937840676,35.69544301004999
2022-08-01,US,United States,Architecture,30.47875408575274,29.52816798273979
2022-08-01,US,United States,Arts & Entertainment,26.264746822444835,24.375250550890712
2022-08-01,US,United States,Aviation,37.92558062099392,34.76067348401688
2022-08-01,US,United States,Banking & Finance,11.201851482988552,10.431234022143949
2022-08-01,US,United States,Childcare,69.60182482976083,67.2555201520006
2022-08-01,US,United States,Civil Engineering,24.315602047629646,22.881894740026713
2022-08-01,US,United States,Cleaning & Sanitation,43.07474664148459,42.506484109873135
2022-08-01,US,United States,Community & Social Service,42.47815144429966,40.85859070442326
2022-08-01,US,United States,Construction,53.52720891026173,52.83908897294558
2022-08-01,US,United States,Customer Service,29.407688425682988,28.31823508911135
2022-08-01,US,United States,Data & Analytics,11.857343442853132,10.70085706060501
2022-08-01,US,United States,Dental,55.93959472994838,53.35719301055852
2022-08-01,US,United States,Driving,54.872405615831774,54.28016554759578
2022-08-01,US,United States,Education & Instruction,36.42368347637724,33.11073455298111
2022-08-01,US,United States,Electrical Engineering,21.000733230512502,20.031877149760852
2022-08-01,US,United States,Food Preparation & Service,29.43067120443733,28.119841975196493
2022-08-01,US,United States,Hospitality & Tourism,31.7473354114946,29.76783750734444
2022-08-01,US,United States,Human Resources,23.671596873050245,21.89055935133872
2022-08-01,US,United States,"IT Infrastructure, Operations & Support",22.997852255132113,21.226437964057762
2022-08-01,US,United States,IT Systems & Solutions,12.992197933506713,11.89572159480507
2022-08-01,US,United States,Industrial Engineering,14.364804745427584,13.185541948663827
2022-08-01,US,United States,Installation & Maintenance,40.779018417127965,39.80123836077549
2022-08-01,US,United States,Insurance,36.65829202598402,34.01836383780767
2022-08-01,US,United States,Legal,32.99605512577489,30.96575193746149
2022-08-01,US,United States,Loading & Stocking,38.04994107378625,36.84088351825813
2022-08-01,US,United States,Logistic Support,27.478444355513513,26.08635126577998
2022-08-01,US,United States,Management,18.166707528035758,17.201065453578252
2022-08-01,US,United States,Marketing,24.93060633939594,23.34183966401547
2022-08-01,US,United States,Mechanical Engineering,20.919485040362513,19.38909436985755
2022-08-01,US,United States,Media & Communications,27.400086880973067,24.921749045240517
2022-08-01,US,United States,Medical Information,18.955045395181973,18.14840135845006
2022-08-01,US,United States,Medical Technician,18.323236905778536,17.10406015360111
2022-08-01,US,United States,Nursing,23.8195617962521,22.33213003386879
2022-08-01,US,United States,Personal Care & Home Health,44.07712153964159,42.922216266141525
2022-08-01,US,United States,Pharmacy,14.775020379799276,13.361989418660777
2022-08-01,US,United States,Physicians & Surgeons,15.231834475672269,14.125313587674748
2022-08-01,US,United States,Production & Manufacturing,41.215643795546605,40.050439494634276
2022-08-01,US,United States,Project Management,21.351863550221097,19.698237103351968
2022-08-01,US,United States,Retail,19.7895006835687,18.955245424002026
2022-08-01,US,United States,Sales,29.201145939808686,27.135012057965014
2022-08-01,US,United States,Scientific Research & Development,13.263585929278584,12.61564350516255
2022-08-01,US,United States,Security & Public Safety,44.70406927677687,41.733669450054684
2022-08-01,US,United States,Social Science,38.53279685599326,36.6294090573627
2022-08-01,US,United States,Software Development,15.315372153336233,14.102939815082527
2022-08-01,US,United States,Therapy,34.58730054501281,32.573815271584785
2022-09-01,US,United States,Accounting,26.011220542100887,25.279081494501067
2022-09-01,US,United States,Administrative Assistance,37.62268407473194,36.73708382269668
2022-09-01,US,United States,Architecture,31.04988536643213,30.276817180980558
2022-09-01,US,United States,Arts & Entertainment,28.142029764668507,26.17479484860439
2022-09-01,US,United States,Aviation,37.65701325889742,37.24827842909557
2022-09-01,US,United States,Banking & Finance,11.936571103711524,11.198950058484693
2022-09-01,US,United States,Childcare,69.81936047782067,68.62943499993726
2022-09-01,US,United States,Civil Engineering,24.28878664960662,23.524079735971366
2022-09-01,US,United States,Cleaning & Sanitation,44.067572301584214,43.12555440386624
2022-09-01,US,United States,Community & Social Service,44.03435652299873,42.4406112249137
2022-09-01,US,United States,Construction,53.08864468864469,53.06293324993191
2022-09-01,US,United States,Customer Service,28.92422506425541,28.752197861754894
2022-09-01,US,United States,Data & Analytics,12.969558816545568,11.818982778185386
2022-09-01,US,United States,Dental,57.373040549293954,55.36780760692783
2022-09-01,US,United States,Driving,53.6369939327231,54.27167946325664
2022-09-01,US,United States,Education & Instruction,38.218020518412054,35.856186635958345
2022-09-01,US,United States,Electrical Engineering,22.06438903001711,20.9988495145947
2022-09-01,US,United States,Food Preparation & Service,28.8188816206028,28.618531721642842
2022-09-01,US,United States,Hospitality & Tourism,31.149978479477248,30.736590701195354
2022-09-01,US,United States,Human Resources,24.810516056800882,23.502408142010136
2022-09-01,US,United States,"IT Infrastructure, Operations & Support",23.793566392168884,22.63114109598318
2022-09-01,US,United States,IT Systems & Solutions,14.081534915741267,13.044180902224204
2022-09-01,US,United States,Industrial Engineering,15.128657921291625,14.218732362993924
2022-09-01,US,United States,Installation & Maintenance,40.63586425653037,40.37573062031552
2022-09-01,US,United States,Insurance,37.557839364862886,36.15413083857357
2022-09-01,US,United States,Legal,34.81119490348752,32.892888493712874
2022-09-01,US,United States,Loading & Stocking,37.86029294152595,37.4635074642618
2022-09-01,US,United States,Logistic Support,28.22761194029851,27.196458644755726
2022-09-01,US,United States,Management,18.3145977850059,17.845867405283077
2022-09-01,US,United States,Marketing,25.877541941500056,24.66648986785326
2022-09-01,US,United States,Mechanical Engineering,20.732218826772126,20.33851880787168
2022-09-01,US,United States,Media & Communications,31.80862776498849,27.765470389944284
2022-09-01,US,United States,Medical Information,19.74012614253432,19.012315760103544
2022-09-01,US,United States,Medical Technician,19.13160390438043,18.16606778585324
2022-09-01,US,United States,Nursing,24.793485301083688,23.69729876522864
2022-09-01,US,United States,Personal Care & Home Health,46.61823014090407,44.51102953437674
2022-09-01,US,United States,Pharmacy,16.10916705700824,14.688385215967493
2022-09-01,US,United States,Physicians & Surgeons,15.829483868621102,15.04973667937461
2022-09-01,US,United States,Production & Manufacturing,41.65820391154379,40.934631370934675
2022-09-01,US,United States,Project Management,22.66746325381858,21.294014685226546
2022-09-01,US,United States,Retail,19.395553840674342,19.198787307886832
2022-09-01,US,United States,Sales,28.602061227967713,28.228713058936375
2022-09-01,US,United States,Scientific Research & Development,13.940744568610985,13.233029663044581
2022-09-01,US,United States,Security & Public Safety,45.127549774529115,43.5495128613006
2022-09-01,US,United States,Social Science,40.964207450693934,38.55711510741891
2022-09-01,US,United States,Software Development,16.750585956273245,15.299269240378143
2022-09-01,US,United States,Therapy,35.2977046186969,34.045810148036324
2022-10-01,US,United States,Accounting,26.936878094408694,26.084801831573383
2022-10-01,US,United States,Administrative Assistance,38.80037720307074,37.842258071881126
2022-10-01,US,United States,Architecture,30.643673551233206,30.72410433447269
2022-10-01,US,United States,Arts & Entertainment,28.122605363984675,27.509793983699335
2022-10-01,US,United States,Aviation,37.878103837471784,37.82023257245438
2022-10-01,US,United States,Banking & Finance,12.931183914023228,12.023202166907774
2022-10-01,US,United States,Childcare,71.09860135801752,70.17326222186635
2022-10-01,US,United States,Civil Engineering,24.535397024361,24.379928573865765
2022-10-01,US,United States,Cleaning & Sanitation,45.1590379221517,44.10045228840684
2022-10-01,US,United States,Community & Social Service,45.37537818950976,43.96262871893604
2022-10-01,US,United States,Construction,53.37307233780718,53.329641978904526
2022-10-01,US,United States,Customer Service,31.101469200775927,29.811127563571443
2022-10-01,US,United States,Data & Analytics,14.097479851605474,12.97479403700139
2022-10-01,US,United States,Dental,58.88583103994662,57.39948877306301
2022-10-01,US,United States,Driving,56.650975556092774,55.05345836821589
2022-10-01,US,United States,Education & Instruction,37.898971953224034,37.513558649337774
2022-10-01,US,United States,Electrical Engineering,23.311282713544003,22.1254683246912
2022-10-01,US,United States,Food Preparation & Service,31.34536633180153,29.864973052280547
2022-10-01,US,United States,Hospitality & Tourism,32.73860970490184,31.878641198624564
2022-10-01,US,United States,Human Resources,26.212853758119937,24.89832222932368
2022-10-01,US,United States,"IT Infrastructure, Operations & Support",24.85716191280763,23.882860186702885
2022-10-01,US,United States,IT Systems & Solutions,14.750945521847589,13.941559457031863
2022-10-01,US,United States,Industrial Engineering,16.32178408622729,15.271748917648836
2022-10-01,US,United States,Installation & Maintenance,41.53673027718262,40.98387098361365
2022-10-01,US,United States,Insurance,37.28091685810898,37.16568274965196
2022-10-01,US,United States,Legal,36.809054190988626,34.87210140675035
2022-10-01,US,United States,Loading & Stocking,39.01612105437554,38.30878502322925
2022-10-01,US,United States,Logistic Support,31.59348138928863,29.09984589503353
2022-10-01,US,United States,Management,20.920349708743725,19.133885007261796
2022-10-01,US,United States,Marketing,28.521798743769804,26.443315674888595
2022-10-01,US,United States,Mechanical Engineering,21.842033672883353,21.164579180006005
2022-10-01,US,United States,Media & Communications,33.493703499224445,30.900806048395314
2022-10-01,US,United States,Medical Information,20.933742869679683,19.876304802465327
2022-10-01,US,United States,Medical Technician,19.405153676066718,18.953331495408563
2022-10-01,US,United States,Nursing,26.150005206448064,24.92101743459462
2022-10-01,US,United States,Personal Care & Home Health,47.421913023562084,46.03908823470258
2022-10-01,US,United States,Pharmacy,17.097286881672037,15.993824772826523
2022-10-01,US,United States,Physicians & Surgeons,16.324555534314662,15.795291292869345
2022-10-01,US,United States,Production & Manufacturing,42.61889351771666,41.830913741602366
2022-10-01,US,United States,Project Management,23.905406819438838,22.64157787449284
2022-10-01,US,United States,Retail,22.291414624353497,20.49215638286552
2022-10-01,US,United States,Sales,29.982017582425165,29.261741583400525
2022-10-01,US,United States,Scientific Research & Development,14.918626692239535,14.040985730043031
2022-10-01,US,United States,Security & Public Safety,46.989457439759796,45.607025497021915
2022-10-01,US,United States,Social Science,43.775446663792685,41.09081699015996
2022-10-01,US,United States,Software Development,18.522939421900816,16.86296584383677
2022-10-01,US,United States,Therapy,36.5397472925413,35.474917485416995
2022-11-01,US,United States,Accounting,29.008846424516122,27.318981687008574
2022-11-01,US,United States,Administrative Assistance,38.541940651117386,38.32166730964003
2022-11-01,US,United States,Architecture,31.772248641304344,31.155269186323224
2022-11-01,US,United States,Arts & Entertainment,30.022547592545024,28.7623942403994
2022-11-01,US,United States,Aviation,42.76834179653301,39.43448629763409
2022-11-01,US,United States,Banking & Finance,14.779675310984608,13.215810109573127
2022-11-01,US,United States,Childcare,72.06949995921363,70.9958205983506
2022-11-01,US,United States,Civil Engineering,24.68739028276663,24.503857985578094
2022-11-01,US,United States,Cleaning & Sanitation,45.4028665052968,44.876492243010915
2022-11-01,US,United States,Community & Social Service,46.85091274353197,45.42021581868014
2022-11-01,US,United States,Construction,53.094925726861064,53.18554758443764
2022-11-01,US,United States,Customer Service,29.53578189653475,29.853825387188696
2022-11-01,US,United States,Data & Analytics,16.08475211016046,14.383930259437165
2022-11-01,US,United States,Dental,58.13914046334927,58.13267068419665
2022-11-01,US,United States,Driving,55.064167769804214,55.117379086206704
2022-11-01,US,United States,Education & Instruction,37.86359607931322,37.9935295169831
2022-11-01,US,United States,Electrical Engineering,23.751941424450855,23.042537722670648
2022-11-01,US,United States,Food Preparation & Service,30.397590997939673,30.18727965011466
2022-11-01,US,United States,Hospitality & Tourism,34.75246862670798,32.88035227036236
2022-11-01,US,United States,Human Resources,27.521637415640555,26.18166907685378
2022-11-01,US,United States,"IT Infrastructure, Operations & Support",27.00573586001597,25.218821388330838
2022-11-01,US,United States,IT Systems & Solutions,16.285954881886276,15.039478439825052
2022-11-01,US,United States,Industrial Engineering,17.11346367284214,16.187968560120357
2022-11-01,US,United States,Installation & Maintenance,42.28502145122179,41.485871994978254
2022-11-01,US,United States,Insurance,38.34544281426207,37.728066345744644
2022-11-01,US,United States,Legal,38.399535033113594,36.673261375863255
2022-11-01,US,United States,Loading & Stocking,39.613031378130906,38.829815124677474
2022-11-01,US,United States,Logistic Support,30.476944813118124,30.0993460475684
2022-11-01,US,United States,Management,20.445015927658655,19.89332114046943
2022-11-01,US,United States,Marketing,31.700335830534748,28.699892171934867
2022-11-01,US,United States,Mechanical Engineering,23.193196405648266,21.92248296843459
2022-11-01,US,United States,Media & Communications,35.42497255445773,33.575767939556876
2022-11-01,US,United States,Medical Information,21.639989601515207,20.77128620457641
2022-11-01,US,United States,Medical Technician,20.251631324328308,19.596129634925152
2022-11-01,US,United States,Nursing,27.92395187658591,26.289147461372554
2022-11-01,US,United States,Personal Care & Home Health,49.42779331556887,47.822645493345014
2022-11-01,US,United States,Pharmacy,17.38994337099115,16.86546576989048
2022-11-01,US,United States,Physicians & Surgeons,16.89055997663722,16.348199793190997
2022-11-01,US,United States,Production & Manufacturing,43.377243487928844,42.55144697239644
2022-11-01,US,United States,Project Management,24.912067045372606,23.828312372876677
2022-11-01,US,United States,Retail,23.6889617301306,21.791976731719487
2022-11-01,US,United States,Sales,30.528991356809172,29.70435672240069
2022-11-01,US,United States,Scientific Research & Development,15.80767983472861,14.889017031859707
2022-11-01,US,United States,Security & Public Safety,49.1817398794143,47.09958236456773
2022-11-01,US,United States,Social Science,44.48820836000197,43.07595415816286
2022-11-01,US,United States,Software Development,20.342517600102923,18.538680992758994
2022-11-01,US,United States,Therapy,39.74299739106571,37.193483100767956
2022-12-01,US,United States,Accounting,30.34537859886182,28.76370103926222
2022-12-01,US,United States,Administrative Assistance,39.069125281816866,38.803814378668335
2022-12-01,US,United States,Architecture,32.81120427531558,31.74237548928437
2022-12-01,US,United States,Arts & Entertainment,32.46637626784522,30.203843074791635
2022-12-01,US,United States,Aviation,46.35855584139094,42.33500049179859
2022-12-01,US,United States,Banking & Finance,16.29721138764349,14.669356870883782
2022-12-01,US,United States,Childcare,72.11448674238311,71.76086268653808
2022-12-01,US,United States,Civil Engineering,25.84657518614669,25.02312083109145
2022-12-01,US,United States,Cleaning & Sanitation,45.28114444665209,45.281016291366875
2022-12-01,US,United States,Community & Social Service,48.243890040416844,46.82339365781951
2022-12-01,US,United States,Construction,52.73838698130352,53.06879501532391
2022-12-01,US,United States,Customer Service,30.366435217546638,30.33456210495244
2022-12-01,US,United States,Data & Analytics,17.99190927780357,16.058047079856497
2022-12-01,US,United States,Dental,59.57846787896316,58.86781312741971
2022-12-01,US,United States,Driving,55.90900350910927,55.87471561166876
2022-12-01,US,United States,Education & Instruction,37.344571562633696,37.702379865056976
2022-12-01,US,United States,Electrical Engineering,25.368477356472123,24.143900498155656
2022-12-01,US,United States,Food Preparation & Service,29.243644826351595,30.328867385364262
2022-12-01,US,United States,Hospitality & Tourism,34.86426498207273,34.118447771227515
2022-12-01,US,United States,Human Resources,29.12566154922801,27.620050907662826
2022-12-01,US,United States,"IT Infrastructure, Operations & Support",28.737269801065906,26.866722524629846
2022-12-01,US,United States,IT Systems & Solutions,18.77951542507183,16.60547194293524
2022-12-01,US,United States,Industrial Engineering,19.095668126967055,17.510305295345496
2022-12-01,US,United States,Installation & Maintenance,42.77133298411874,42.19769490417438
2022-12-01,US,United States,Insurance,37.9538544088714,37.860071360414146
2022-12-01,US,United States,Legal,39.799818016378524,38.33613574682692
2022-12-01,US,United States,Loading & Stocking,39.96098224513173,39.530044892546066
2022-12-01,US,United States,Logistic Support,32.08989913075815,31.38677511105494
2022-12-01,US,United States,Management,20.694160235891317,20.6865086240979
2022-12-01,US,United States,Marketing,33.58042652441489,31.26752036623981
2022-12-01,US,United States,Mechanical Engineering,25.09722222222222,23.377484100251284
2022-12-01,US,United States,Media & Communications,36.36749624403946,35.0953907659072
2022-12-01,US,United States,Medical Information,21.946287643802272,21.506673371665723
2022-12-01,US,United States,Medical Technician,20.521452722397107,20.059412574264044
2022-12-01,US,United States,Nursing,28.831532836567526,27.63516330653383
2022-12-01,US,United States,Personal Care & Home Health,50.640644703085826,49.16345034740559
2022-12-01,US,United States,Pharmacy,17.030925422042774,17.172718558235328
2022-12-01,US,United States,Physicians & Surgeons,17.69330269123058,16.969472734060822
2022-12-01,US,United States,Production & Manufacturing,43.25204224165575,43.0827264157671
2022-12-01,US,United States,Project Management,26.706270281586935,25.174581382132796
2022-12-01,US,United States,Retail,22.354724458936875,22.778366937806997
2022-12-01,US,United States,Sales,30.679966152149724,30.396991697128026
2022-12-01,US,United States,Scientific Research & Development,16.90268817902156,15.876331568663232
2022-12-01,US,United States,Security & Public Safety,49.40602085216209,48.52573939044539
2022-12-01,US,United States,Social Science,44.3281600980192,44.197271707271284
2022-12-01,US,United States,Software Development,24.143768853501875,21.003075291835206
2022-12-01,US,United States,Therapy,40.283019845229994,38.855254842945655
2023-01-01,US,United States,Accounting,32.98661808945068,30.780281037609544
2023-01-01,US,United States,Administrative Assistance,41.87832911417587,39.829798349036714
2023-01-01,US,United States,Architecture,36.14041308394646,33.57462200018879
2023-01-01,US,United States,Arts & Entertainment,35.60757292807006,32.6988322628201
2023-01-01,US,United States,Aviation,45.04792332268371,44.72494032020256
2023-01-01,US,United States,Banking & Finance,18.1828504918312,16.419912396819772
2023-01-01,US,United States,Childcare,73.8966814916182,72.69355606440497
2023-01-01,US,United States,Civil Engineering,28.1563126252505,26.23009269805462
2023-01-01,US,United States,Cleaning & Sanitation,46.4742668200115,45.71942592398681
2023-01-01,US,United States,Community & Social Service,50.51385451461604,48.53621909952161
2023-01-01,US,United States,Construction,53.76923076923077,53.20084782579844
2023-01-01,US,United States,Customer Service,33.270362242788536,31.057526452289977
2023-01-01,US,United States,Data & Analytics,19.96449103821441,18.01371747539281
2023-01-01,US,United States,Dental,61.333753901321465,59.68378741454466
2023-01-01,US,United States,Driving,55.34614800040944,55.43977309310765
2023-01-01,US,United States,Education & Instruction,39.39659854033935,38.20158872742875
2023-01-01,US,United States,Electrical Engineering,27.999410724808488,25.706609835243814
2023-01-01,US,United States,Food Preparation & Service,30.241172554675185,29.960802792988815
2023-01-01,US,United States,Hospitality & Tourism,36.46219486605581,35.359642824945496
2023-01-01,US,United States,Human Resources,32.44573051121154,29.697676492026698
2023-01-01,US,United States,"IT Infrastructure, Operations & Support",30.921574491879166,28.88819338432036
2023-01-01,US,United States,IT Systems & Solutions,21.339476345656816,18.801648884204983
2023-01-01,US,United States,Industrial Engineering,20.67016104768088,18.959764282496696
2023-01-01,US,United States,Installation & Maintenance,44.510132784519946,43.188829073286826
2023-01-01,US,United States,Insurance,36.09863415528463,37.465977126139364
2023-01-01,US,United States,Legal,43.401716863087444,40.533689970859854
2023-01-01,US,United States,Loading & Stocking,40.613199973835535,40.06240453236606
2023-01-01,US,United States,Logistic Support,34.247180560399954,32.27134150142538
2023-01-01,US,United States,Management,22.729860644690664,21.28967893608021
2023-01-01,US,United States,Marketing,36.48148148148148,33.92074794547704
2023-01-01,US,United States,Mechanical Engineering,26.88869412795793,25.059704251942815
2023-01-01,US,United States,Media & Communications,39.537119931032194,37.109862909843116
2023-01-01,US,United States,Medical Information,24.51468149448834,22.70031957993528
2023-01-01,US,United States,Medical Technician,22.618913999326555,21.130666015350656
2023-01-01,US,United States,Nursing,30.42821196661939,29.061232226590942
2023-01-01,US,United States,Personal Care & Home Health,51.56094332899435,50.54312711588301
2023-01-01,US,United States,Pharmacy,17.282345828295043,17.234404873776327
2023-01-01,US,United States,Physicians & Surgeons,19.36586882188374,17.983243829917182
2023-01-01,US,United States,Production & Manufacturing,45.340120745580684,43.98980215838844
2023-01-01,US,United States,Project Management,28.59247079779399,26.736936041584514
2023-01-01,US,United States,Retail,22.931910172060824,22.99186545370944
2023-01-01,US,United States,Sales,33.38307556619523,31.53067769171805
2023-01-01,US,United States,Scientific Research & Development,19.103590633587082,17.271319549112416
2023-01-01,US,United States,Security & Public Safety,50.949690120306236,49.84581695062753
2023-01-01,US,United States,Social Science,46.94524355161149,45.25387066987756
2023-01-01,US,United States,Software Development,27.33220852135397,23.93949832498626
2023-01-01,US,United States,Therapy,43.122610534659415,41.04954259031836
2023-02-01,US,United States,Accounting,33.29390606291235,32.20863425040829
2023-02-01,US,United States,Administrative Assistance,42.95918260633125,41.302212334108
2023-02-01,US,United States,Architecture,36.84210526315789,35.26457420747331
2023-02-01,US,United States,Arts & Entertainment,37.00219928946033,35.02538282845854
2023-02-01,US,United States,Aviation,43.778137943453984,45.06153903584289
2023-02-01,US,United States,Banking & Finance,19.648482838666887,18.04284823938053
2023-02-01,US,United States,Childcare,74.6872151793852,73.56612780446217
2023-02-01,US,United States,Civil Engineering,29.162450490040186,27.721779433812472
2023-02-01,US,United States,Cleaning & Sanitation,47.31211305079937,46.355841439154325
2023-02-01,US,United States,Community & Social Service,51.94333390663994,50.23369282055759
2023-02-01,US,United States,Construction,53.72810388952695,53.41190721335374
2023-02-01,US,United States,Customer Service,35.075796461691134,32.904197974008774
2023-02-01,US,United States,Data & Analytics,21.149653121902876,19.702017812640282
2023-02-01,US,United States,Dental,61.107429872402605,60.67321721756244
2023-02-01,US,United States,Driving,55.022168062433565,55.425773190650766
2023-02-01,US,United States,Education & Instruction,39.43898981065575,38.72671997120958
2023-02-01,US,United States,Electrical Engineering,29.736986635747847,27.70162490567615
2023-02-01,US,United States,Food Preparation & Service,30.629667033729614,30.038161471585465
2023-02-01,US,United States,Hospitality & Tourism,39.420579896600195,36.91567991490957
2023-02-01,US,United States,Human Resources,33.73279763554078,31.768063231993438
2023-02-01,US,United States,"IT Infrastructure, Operations & Support",31.85061744220826,30.50315391171779
2023-02-01,US,United States,IT Systems & Solutions,22.748282863190635,20.955758211306435
2023-02-01,US,United States,Industrial Engineering,21.29066737925045,20.352165517966128
2023-02-01,US,United States,Installation & Maintenance,45.49386960009167,44.258445122910125
2023-02-01,US,United States,Insurance,37.57397366382649,37.20882074266084
2023-02-01,US,United States,Legal,45.70517820204144,42.96890436050247
2023-02-01,US,United States,Loading & Stocking,41.22095671981777,40.598379646261684
2023-02-01,US,United States,Logistic Support,34.735023041474655,33.69070091087756
2023-02-01,US,United States,Management,22.78189607665369,22.068638985745224
2023-02-01,US,United States,Marketing,38.238119251734986,36.10000908587711
2023-02-01,US,United States,Mechanical Engineering,28.165779689436466,26.717232013205546
2023-02-01,US,United States,Media & Communications,41.85032695567934,39.251647710250325
2023-02-01,US,United States,Medical Information,25.17976929188499,23.880246143391872
2023-02-01,US,United States,Medical Technician,23.576487639822634,22.238951453848767
2023-02-01,US,United States,Nursing,30.720284688058108,29.993343163748346
2023-02-01,US,United States,Personal Care & Home Health,52.69936763459331,51.63365188889116
2023-02-01,US,United States,Pharmacy,18.859704622281676,17.724325290873168
2023-02-01,US,United States,Physicians & Surgeons,20.76015385618358,19.273108456432638
2023-02-01,US,United States,Production & Manufacturing,45.6453471543339,44.7458367138568
2023-02-01,US,United States,Project Management,29.773669397261017,28.35747015888065
2023-02-01,US,United States,Retail,24.7383542672886,23.34166296609544
2023-02-01,US,United States,Sales,35.28270370742489,33.11524847525663
2023-02-01,US,United States,Scientific Research & Development,20.169377898783708,18.72521890379745
2023-02-01,US,United States,Security & Public Safety,51.75527249151444,50.703661154660914
2023-02-01,US,United States,Social Science,47.75409119603749,46.34249828188939
2023-02-01,US,United States,Software Development,28.48516702642412,26.65371480042666
2023-02-01,US,United States,Therapy,44.043746514101215,42.4831256313302
2023-03-01,US,United States,Accounting,36.216804527644754,34.165776226669266
2023-03-01,US,United States,Administrative Assistance,45.188398405124005,43.34197004187704
2023-03-01,US,United States,Architecture,38.670550386922876,37.21768957800907
2023-03-01,US,United States,Arts & Entertainment,38.76247378122418,37.12408199958486
2023-03-01,US,United States,Aviation,46.2771855010661,45.03441558906795
2023-03-01,US,United States,Banking & Finance,22.13425077371473,19.988528034737612
2023-03-01,US,United States,Childcare,75.58949774234908,74.72446480445082
2023-03-01,US,United States,Civil Engineering,30.15209125475285,29.15695145668119
2023-03-01,US,United States,Cleaning & Sanitation,49.4126991464701,47.73302633909367
2023-03-01,US,United States,Community & Social Service,53.29717514124294,51.91812118749963
2023-03-01,US,United States,Construction,56.465695803193015,54.65434348731691
2023-03-01,US,United States,Customer Service,37.41863082373102,35.25492984273689
2023-03-01,US,United States,Data & Analytics,22.439493799589666,21.184545986568978
2023-03-01,US,United States,Dental,61.9292762149905,61.45681999623822
2023-03-01,US,United States,Driving,57.15057941146661,55.83963182476989
2023-03-01,US,United States,Education & Instruction,39.26053570700867,39.365374686001246
2023-03-01,US,United States,Electrical Engineering,31.377276820730327,29.704558060428884
2023-03-01,US,United States,Food Preparation & Service,33.98333628789222,31.61805862543234
2023-03-01,US,United States,Hospitality & Tourism,44.47040848424931,40.11772774896843
2023-03-01,US,United States,Human Resources,35.42951179374657,33.86934664683296
2023-03-01,US,United States,"IT Infrastructure, Operations & Support",33.53704593833688,32.10307929080812
2023-03-01,US,United States,IT Systems & Solutions,24.18955292704636,22.759104045297942
2023-03-01,US,United States,Industrial Engineering,22.656889331044113,21.53923925265848
2023-03-01,US,United States,Installation & Maintenance,48.699052803848495,46.23435172948671
2023-03-01,US,United States,Insurance,41.51946980686635,38.39735920865916
2023-03-01,US,United States,Legal,46.6494000904935,45.252098385207454
2023-03-01,US,United States,Loading & Stocking,43.516438635899526,41.78353177651761
2023-03-01,US,United States,Logistic Support,37.232758008381275,35.40498720341861
2023-03-01,US,United States,Management,25.33309147760891,23.614949399651092
2023-03-01,US,United States,Marketing,39.64201313899976,38.12053795740541
2023-03-01,US,United States,Mechanical Engineering,30.593437753173102,28.54930385685584
2023-03-01,US,United States,Media & Communications,43.67623918174666,41.68789535615273
2023-03-01,US,United States,Medical Information,26.441291305589942,25.378580697321098
2023-03-01,US,United States,Medical Technician,24.98251982326426,23.725973820804484
2023-03-01,US,United States,Nursing,32.87876439242433,31.342420349033944
2023-03-01,US,United States,Personal Care & Home Health,55.93010669553116,53.39680588637293
2023-03-01,US,United States,Pharmacy,20.191763434589458,18.777937961722063
2023-03-01,US,United States,Physicians & Surgeons,23.268704977590232,21.13157588521919
2023-03-01,US,United States,Production & Manufacturing,47.59188718239656,46.19245169410374
2023-03-01,US,United States,Project Management,31.459821545385562,29.941987246813525
2023-03-01,US,United States,Retail,26.35204875731114,24.674104398886865
2023-03-01,US,United States,Sales,37.649821754050016,35.438533675890056
2023-03-01,US,United States,Scientific Research & Development,21.817702497858036,20.36355701007628
2023-03-01,US,United States,Security & Public Safety,53.58804990717956,52.09767083966674
2023-03-01,US,United States,Social Science,49.68642346082501,48.12858606949133
2023-03-01,US,United States,Software Development,27.994519779140496,27.9372984423062
2023-03-01,US,United States,Therapy,45.75067850974587,44.30567851950216
2023-04-01,US,United States,Accounting,37.70874902403054,35.73981987152922
2023-04-01,US,United States,Administrative Assistance,45.43543188489238,44.52767096544921
2023-04-01,US,United States,Architecture,39.06523139203239,38.19262901403771
2023-04-01,US,United States,Arts & Entertainment,39.00097025661615,38.255214442433555
2023-04-01,US,United States,Aviation,43.437077131258455,44.497466858592865
2023-04-01,US,United States,Banking & Finance,23.358213636078528,21.713649082820055
2023-04-01,US,United States,Childcare,75.64895173086299,75.30855488419907
2023-04-01,US,United States,Civil Engineering,29.99148936170213,29.7686770354984
2023-04-01,US,United States,Cleaning & Sanitation,50.1224767423339,48.94909631320113
2023-04-01,US,United States,Community & Social Service,53.57825454714087,52.939587865007915
2023-04-01,US,United States,Construction,57.83009613498136,56.00796527590044
2023-04-01,US,United States,Customer Service,37.13237069589994,36.54226599377403
2023-04-01,US,United States,Data & Analytics,22.471619714109625,22.020255545200715
2023-04-01,US,United States,Dental,61.12797205996736,61.388226049120185
2023-04-01,US,United States,Driving,57.542867566581535,56.57187168016059
2023-04-01,US,United States,Education & Instruction,38.06730472368015,38.92227674711484
2023-04-01,US,United States,Electrical Engineering,31.645874766467784,30.92004607431532
2023-04-01,US,United States,Food Preparation & Service,34.26206109049386,32.95835480403857
2023-04-01,US,United States,Hospitality & Tourism,44.499469402193135,42.79681926101421
2023-04-01,US,United States,Human Resources,35.28809338159135,34.81680093695957
2023-04-01,US,United States,"IT Infrastructure, Operations & Support",33.74382087816225,33.04382808623581
2023-04-01,US,United States,IT Systems & Solutions,23.638912687904043,23.525582826047014
2023-04-01,US,United States,Industrial Engineering,22.96866702071163,22.3054079103354
2023-04-01,US,United States,Installation & Maintenance,49.72706402030912,47.973328808083096
2023-04-01,US,United States,Insurance,39.9442691006284,39.67923752377374
2023-04-01,US,United States,Legal,48.19259547177145,46.84905792143545
2023-04-01,US,United States,Loading & Stocking,43.49433338197383,42.743909579230376
2023-04-01,US,United States,Logistic Support,38.05303049379297,36.67360384788294
2023-04-01,US,United States,Management,26.55033190373426,24.88843981933229
2023-04-01,US,United States,Marketing,40.60586015973345,39.495330850156066
2023-04-01,US,United States,Mechanical Engineering,31.313095533279018,30.024104325296197
2023-04-01,US,United States,Media & Communications,44.365658672228015,43.29740826988467
2023-04-01,US,United States,Medical Information,26.022107067562512,25.881055888345823
2023-04-01,US,United States,Medical Technician,25.133580421500294,24.564195961529066
2023-04-01,US,United States,Nursing,33.10436624883582,32.23447177643942
2023-04-01,US,United States,Personal Care & Home Health,56.301611626369954,54.9770286521648
2023-04-01,US,United States,Pharmacy,18.59972287880023,19.217063645223796
2023-04-01,US,United States,Physicians & Surgeons,23.268110069082628,22.432322967618816
2023-04-01,US,United States,Production & Manufacturing,48.128907373983104,47.12204723690454
2023-04-01,US,United States,Project Management,31.298137901876803,30.843876281507793
2023-04-01,US,United States,Retail,26.575434291821338,25.888612438807034
2023-04-01,US,United States,Sales,38.660787547100675,37.19777100285854
2023-04-01,US,United States,Scientific Research & Development,22.748995024316194,21.578691806985983
2023-04-01,US,United States,Security & Public Safety,52.23810217851662,52.52714152573687
2023-04-01,US,United States,Social Science,49.28577886267064,48.90876450651104
2023-04-01,US,United States,Software Development,26.299463763201846,27.593050189588826
2023-04-01,US,United States,Therapy,46.65966704563388,45.484697356493655
2023-05-01,US,United States,Accounting,39.49237684939119,37.805976800355495
2023-05-01,US,United States,Administrative Assistance,47.05115181872267,45.89166070291302
2023-05-01,US,United States,Architecture,40.234284923672924,39.32335556754273
2023-05-01,US,United States,Arts & Entertainment,40.80260604380371,39.52201669388135
2023-05-01,US,United States,Aviation,44.86314954383182,44.85913739205214
2023-05-01,US,United States,Banking & Finance,21.72293790829721,22.405134106030165
2023-05-01,US,United States,Childcare,74.82836197199488,75.35560381506896
2023-05-01,US,United States,Civil Engineering,32.22879684418146,30.790792486878825
2023-05-01,US,United States,Cleaning & Sanitation,51.17413741630059,50.236437768368205
2023-05-01,US,United States,Community & Social Service,54.22766316597444,53.70103095145274
2023-05-01,US,United States,Construction,58.94402313479482,57.74660502432306
2023-05-01,US,United States,Customer Service,38.180044392355086,37.577015303995346
2023-05-01,US,United States,Data & Analytics,22.95391193175864,22.621675148485973
2023-05-01,US,United States,Dental,62.17805993501023,61.74510273665606
2023-05-01,US,United States,Driving,55.908533204346234,56.867326727464814
2023-05-01,US,United States,Education & Instruction,37.03778768018098,38.121876036956586
2023-05-01,US,United States,Electrical Engineering,32.21877446857872,31.74730868525894
2023-05-01,US,United States,Food Preparation & Service,34.54938373153812,34.2649270366414
2023-05-01,US,United States,Hospitality & Tourism,44.02414400481162,44.331340630418005
2023-05-01,US,United States,Human Resources,36.586761392759655,35.76812218936586
2023-05-01,US,United States,"IT Infrastructure, Operations & Support",34.17741817916758,33.81942833188892
2023-05-01,US,United States,IT Systems & Solutions,25.214313432660308,24.347593015870235
2023-05-01,US,United States,Industrial Engineering,24.06959884001933,23.23171839725836
2023-05-01,US,United States,Installation & Maintenance,50.910187266233464,49.77876803013036
2023-05-01,US,United States,Insurance,40.98804871787558,40.81726254179011
2023-05-01,US,United States,Legal,48.79877750996424,47.88025769074304
2023-05-01,US,United States,Loading & Stocking,44.61956951687793,43.87678051158377
2023-05-01,US,United States,Logistic Support,39.379535283557935,38.221774595244035
2023-05-01,US,United States,Management,26.660615499477053,26.18134629360674
2023-05-01,US,United States,Marketing,41.90522040760903,40.71769790211408
2023-05-01,US,United States,Mechanical Engineering,32.53807647246778,31.481536586306635
2023-05-01,US,United States,Media & Communications,46.02120632713367,44.687701393702774
2023-05-01,US,United States,Medical Information,27.564497089181035,26.675965154111168
2023-05-01,US,United States,Medical Technician,26.726946294754374,25.614348846506314
2023-05-01,US,United States,Nursing,35.10417818981982,33.695769610359996
2023-05-01,US,United States,Personal Care & Home Health,56.842985421892614,56.358234581264576
2023-05-01,US,United States,Pharmacy,19.270379921486178,19.353955411625297
2023-05-01,US,United States,Physicians & Surgeons,23.85342544019114,23.46341349562134
2023-05-01,US,United States,Production & Manufacturing,48.634523408898545,48.11843932175942
2023-05-01,US,United States,Project Management,32.17541538009117,31.644458275784512
2023-05-01,US,United States,Retail,26.693629767006083,26.540370938712865
2023-05-01,US,United States,Sales,39.51586806277882,38.608825787976514
2023-05-01,US,United States,Scientific Research & Development,23.25065366405201,22.605783728742082
2023-05-01,US,United States,Security & Public Safety,53.280950820237706,53.035700968644626
2023-05-01,US,United States,Social Science,50.152553614857396,49.708251979451006
2023-05-01,US,United States,Software Development,27.697381115262505,27.33045488586829
2023-05-01,US,United States,Therapy,47.43869320002364,46.61634625180113
2023-06-01,US,United States,Accounting,40.3858007478852,39.1956422071023
2023-06-01,US,United States,Administrative Assistance,47.08962563581429,46.52540311314311
2023-06-01,US,United States,Architecture,40.84776529460825,40.049093870104514
2023-06-01,US,United States,Arts & Entertainment,40.085990684342534,39.963188994920806
2023-06-01,US,United States,Aviation,46.31613921422045,44.87212196310359
2023-06-01,US,United States,Banking & Finance,23.69962167671498,22.926924407030253
2023-06-01,US,United States,Childcare,73.97483498349835,74.81738289545206
2023-06-01,US,United States,Civil Engineering,33.52119504287489,31.913827082919507
2023-06-01,US,United States,Cleaning & Sanitation,50.95232562296664,50.749646593867055
2023-06-01,US,United States,Community & Social Service,53.88916699869573,53.89836157060367
2023-06-01,US,United States,Construction,58.302617029119055,58.358912099631745
2023-06-01,US,United States,Customer Service,36.996817199733165,37.436410762662724
2023-06-01,US,United States,Data & Analytics,23.998727099149882,23.141419581672707
2023-06-01,US,United States,Dental,61.49682745967434,61.60095315155067
2023-06-01,US,United States,Driving,55.150407723566154,56.200602831497996
2023-06-01,US,United States,Education & Instruction,37.74425427033951,37.616448891400204
2023-06-01,US,United States,Electrical Engineering,32.93959649604737,32.268081910364614
2023-06-01,US,United States,Food Preparation & Service,33.22774558549235,34.013063469174774
2023-06-01,US,United States,Hospitality & Tourism,44.27609035175645,44.26656791958706
2023-06-01,US,United States,Human Resources,37.53368061792707,36.46951179742603
2023-06-01,US,United States,"IT Infrastructure, Operations & Support",34.73552425665102,34.218921104660296
2023-06-01,US,United States,IT Systems & Solutions,25.80147925545006,24.8849017920048
2023-06-01,US,United States,Industrial Engineering,24.05759585827536,23.698620573002106
2023-06-01,US,United States,Installation & Maintenance,50.88545727050173,50.507569519014766
2023-06-01,US,United States,Insurance,38.94029586845052,39.957537895651505
2023-06-01,US,United States,Legal,49.55328866219955,48.84822054797839
2023-06-01,US,United States,Loading & Stocking,44.96343179509184,44.35911156464787
2023-06-01,US,United States,Logistic Support,39.60263860530862,39.01173479421982
2023-06-01,US,United States,Management,26.74746245183962,26.652803285016983
2023-06-01,US,United States,Marketing,41.998253875866446,41.503111481069645
2023-06-01,US,United States,Mechanical Engineering,33.257394681804605,32.36952222918381
2023-06-01,US,United States,Media & Communications,45.1597710310847,45.18221201014878
2023-06-01,US,United States,Medical Information,28.564303904923598,27.383636020555723
2023-06-01,US,United States,Medical Technician,27.215191555757574,26.358572757337416
2023-06-01,US,United States,Nursing,35.8060624219191,34.671535620191584
2023-06-01,US,United States,Personal Care & Home Health,56.678596993557626,56.60773134727339
2023-06-01,US,United States,Pharmacy,20.016863406408095,19.295655402231507
2023-06-01,US,United States,Physicians & Surgeons,23.757606156201742,23.62638055515851
2023-06-01,US,United States,Production & Manufacturing,48.52701135248332,48.43014737845501
2023-06-01,US,United States,Project Management,32.456996345406885,31.976849875791615
2023-06-01,US,United States,Retail,26.61746779878812,26.628843952538528
2023-06-01,US,United States,Sales,39.371265968298175,39.18264052605924
2023-06-01,US,United States,Scientific Research & Development,23.606784354447907,23.202144347605373
2023-06-01,US,United States,Security & Public Safety,52.28843989495686,52.602497631237064
2023-06-01,US,United States,Social Science,50.68094256787026,50.03975834846609
2023-06-01,US,United States,Software Development,28.50386783474462,27.500237571069665
2023-06-01,US,United States,Therapy,47.83057295408582,47.309644399914454
2023-07-01,US,United States,Accounting,37.48687292996203,39.121683509079475
2023-07-01,US,United States,Administrative Assistance,48.32575740227622,47.48884495227106
2023-07-01,US,United States,Architecture,41.07473749227918,40.71892923685345
2023-07-01,US,United States,Arts & Entertainment,40.11675466646836,40.335117131538205
2023-07-01,US,United States,Aviation,47.56108240651546,46.246790388189254
2023-07-01,US,United States,Banking & Finance,24.3576934056523,23.260084330221506
2023-07-01,US,United States,Childcare,75.19154398491716,74.66491364680346
2023-07-01,US,United States,Civil Engineering,34.760136180748994,33.5033760226018
2023-07-01,US,United States,Cleaning & Sanitation,51.10937314847731,51.07861206258153
2023-07-01,US,United States,Community & Social Service,54.78238216362315,54.29973744276443
2023-07-01,US,United States,Construction,58.188406381896975,58.478348848603616
2023-07-01,US,United States,Customer Service,39.491920064681125,38.222927218923125
2023-07-01,US,United States,Data & Analytics,24.39665531744442,23.783098116117642
2023-07-01,US,United States,Dental,61.028785556123324,61.56789098360266
2023-07-01,US,United States,Driving,55.627172538161794,55.56203782202474
2023-07-01,US,United States,Education & Instruction,41.022251731468565,38.60143122732968
2023-07-01,US,United States,Electrical Engineering,34.4342665462521,33.197545836959385
2023-07-01,US,United States,Food Preparation & Service,33.599495131710064,33.792208149580176
2023-07-01,US,United States,Hospitality & Tourism,42.80285610553068,43.70103015403291
2023-07-01,US,United States,Human Resources,37.67427338012299,37.26490513026991
2023-07-01,US,United States,"IT Infrastructure, Operations & Support",35.098461590650814,34.67046800882314
2023-07-01,US,United States,IT Systems & Solutions,25.717427004759653,25.577739897623342
2023-07-01,US,United States,Industrial Engineering,24.997111941160615,24.374768879818433
2023-07-01,US,United States,Installation & Maintenance,51.167078734890836,50.987574423875344
2023-07-01,US,United States,Insurance,43.39308423666202,41.10714294099605
2023-07-01,US,United States,Legal,49.51218257574458,49.28808291596943
2023-07-01,US,United States,Loading & Stocking,44.96258605208022,44.84852912135
2023-07-01,US,United States,Logistic Support,40.046499758995154,39.67622454928721
2023-07-01,US,United States,Management,27.61832895012561,27.008802300480763
2023-07-01,US,United States,Marketing,43.52044941907477,42.47464123418342
2023-07-01,US,United States,Mechanical Engineering,34.15437093447565,33.31661402958269
2023-07-01,US,United States,Media & Communications,45.635030711313654,45.60533602317732
2023-07-01,US,United States,Medical Information,28.371757762785933,28.166852918963528
2023-07-01,US,United States,Medical Technician,26.562439789711267,26.83485921340774
2023-07-01,US,United States,Nursing,35.968778657831905,35.62633975652361
2023-07-01,US,United States,Personal Care & Home Health,57.820368222903525,57.113983546117915
2023-07-01,US,United States,Pharmacy,19.774688803688754,19.68731071052768
2023-07-01,US,United States,Physicians & Surgeons,23.026851098454028,23.545960898282313
2023-07-01,US,United States,Production & Manufacturing,48.871526343899525,48.67768703509381
2023-07-01,US,United States,Project Management,33.178014069701625,32.60347526506656
2023-07-01,US,United States,Retail,27.15973837699336,26.8236119809292
2023-07-01,US,United States,Sales,40.897118322186444,39.9280841177545
2023-07-01,US,United States,Scientific Research & Development,23.954348278456294,23.603928765652075
2023-07-01,US,United States,Security & Public Safety,53.13623985798861,52.90187685772773
2023-07-01,US,United States,Social Science,51.50746689208228,50.78032102493663
2023-07-01,US,United States,Software Development,28.976720430993296,28.392656460333484
2023-07-01,US,United States,Therapy,48.62895911421169,47.96607508944039
2023-08-01,US,United States,Accounting,37.970042085561204,38.61423858780281
2023-08-01,US,United States,Administrative Assistance,48.694098669323985,48.0364939024715
2023-08-01,US,United States,Architecture,42.358253888610136,41.426918891832514
2023-08-01,US,United States,Arts & Entertainment,40.715514275885795,40.30608654223224
2023-08-01,US,United States,Aviation,54.23803572741307,49.371752449383
2023-08-01,US,United States,Banking & Finance,25.397071490094746,24.48479552415402
2023-08-01,US,United States,Childcare,76.91255834305719,75.35964577049089
2023-08-01,US,United States,Civil Engineering,35.35680249516274,34.5460445729289
2023-08-01,US,United States,Cleaning & Sanitation,51.056594383875996,51.03943105177333
2023-08-01,US,United States,Community & Social Service,55.713343515690084,54.79496422600298
2023-08-01,US,United States,Construction,58.38272294150486,58.291248784173625
2023-08-01,US,United States,Customer Service,39.69797682294312,38.72890469578579
2023-08-01,US,United States,Data & Analytics,24.104008977818104,24.166463798137467
2023-08-01,US,United States,Dental,62.12943938949223,61.55168413509666
2023-08-01,US,United States,Driving,57.678790727292025,56.15212366300668
2023-08-01,US,United States,Education & Instruction,44.73074288789413,41.16574962990072
2023-08-01,US,United States,Electrical Engineering,35.1360814897342,34.16998151067788
2023-08-01,US,United States,Food Preparation & Service,35.94674607634685,34.25799559784975
2023-08-01,US,United States,Hospitality & Tourism,44.155265072399146,43.74473717656209
2023-08-01,US,United States,Human Resources,38.45084278874533,37.886265595598466
2023-08-01,US,United States,"IT Infrastructure, Operations & Support",35.474274002942,35.10275328341462
2023-08-01,US,United States,IT Systems & Solutions,25.081713632389537,25.53353996419975
2023-08-01,US,United States,Industrial Engineering,26.378992570635962,25.144566790023976
2023-08-01,US,United States,Installation & Maintenance,52.03265837065006,51.36173145868088
2023-08-01,US,United States,Insurance,42.39123983619206,41.5748733137682
2023-08-01,US,United States,Legal,51.47226427611547,50.17924517135318
2023-08-01,US,United States,Loading & Stocking,45.52220796870435,45.14940860529214
2023-08-01,US,United States,Logistic Support,40.388539711044,40.01255935844923
2023-08-01,US,United States,Management,28.994302509662322,27.78669797054252
2023-08-01,US,United States,Marketing,43.587580388631494,43.03542789452425
2023-08-01,US,United States,Mechanical Engineering,34.21571601941748,33.87582721189925
2023-08-01,US,United States,Media & Communications,46.88347890726631,45.89276021655487
2023-08-01,US,United States,Medical Information,29.14987194588228,28.69531120453061
2023-08-01,US,United States,Medical Technician,27.3951985128698,27.057609952779547
2023-08-01,US,United States,Nursing,36.82608806206447,36.200309713938495
2023-08-01,US,United States,Personal Care & Home Health,59.50766027071248,58.00220849572454
2023-08-01,US,United States,Pharmacy,22.030770292179792,20.607440834092216
2023-08-01,US,United States,Physicians & Surgeons,24.355026794722292,23.7131613497927
2023-08-01,US,United States,Production & Manufacturing,49.859414439841096,49.085984045408
2023-08-01,US,United States,Project Management,34.465736951335415,33.36691578881464
2023-08-01,US,United States,Retail,28.934760264413523,27.570655480065014
2023-08-01,US,United States,Sales,40.40265694685098,40.22368041244522
2023-08-01,US,United States,Scientific Research & Development,24.88228902571532,24.147807219539846
2023-08-01,US,United States,Security & Public Safety,54.99955177050649,53.474743841150655
2023-08-01,US,United States,Social Science,54.95910713478831,52.38250553158028
2023-08-01,US,United States,Software Development,27.921671601765464,28.467419955834472
2023-08-01,US,United States,Therapy,50.13714473509579,48.865558934464445
2023-09-01,US,United States,Accounting,37.51737923871955,37.6580980847476
2023-09-01,US,United States,Administrative Assistance,48.640345886904086,48.55340065283476
2023-09-01,US,United States,Architecture,41.810006796674855,41.74766605918805
2023-09-01,US,United States,Arts & Entertainment,42.12511903889825,40.985795993750806
2023-09-01,US,United States,Aviation,55.301721379663405,52.36694650453066
2023-09-01,US,United States,Banking & Finance,26.282168278883006,25.34564439154336
2023-09-01,US,United States,Childcare,77.35333974900328,76.4858140256592
2023-09-01,US,United States,Civil Engineering,35.12390649229059,35.08028172273413
2023-09-01,US,United States,Cleaning & Sanitation,50.75883352540188,50.97493368591841
2023-09-01,US,United States,Community & Social Service,57.18266972879519,55.892798469369474
2023-09-01,US,United States,Construction,58.77741056135864,58.449513294920145
2023-09-01,US,United States,Customer Service,39.1759152493514,39.45527071232521
2023-09-01,US,United States,Data & Analytics,24.835307967838087,24.445324087700204
2023-09-01,US,United States,Dental,63.03804498750347,62.0654233110397
2023-09-01,US,United States,Driving,63.43386034996905,58.913274538474305
2023-09-01,US,United States,Education & Instruction,45.934599486547405,43.89586470197003
2023-09-01,US,United States,Electrical Engineering,34.562182538414845,34.710843524800374
2023-09-01,US,United States,Food Preparation & Service,35.759032509980706,35.10175790601253
2023-09-01,US,United States,Hospitality & Tourism,44.19130921203183,43.716476796653886
2023-09-01,US,United States,Human Resources,39.0958328727755,38.40698301388127
2023-09-01,US,United States,"IT Infrastructure, Operations & Support",35.884397862294406,35.48571115196242
2023-09-01,US,United States,IT Systems & Solutions,24.647592274736116,25.148910970628435
2023-09-01,US,United States,Industrial Engineering,25.70393194194136,25.69334548457931
2023-09-01,US,United States,Installation & Maintenance,52.157300275065055,51.78567912686865
2023-09-01,US,United States,Insurance,46.10749960361503,43.96394122548971
2023-09-01,US,United States,Legal,52.29517925088142,51.0932087009138
2023-09-01,US,United States,Loading & Stocking,45.83962276752915,45.441472262771235
2023-09-01,US,United States,Logistic Support,41.3743657621884,40.603135077409156
2023-09-01,US,United States,Management,28.848261766521954,28.486964408769964
2023-09-01,US,United States,Marketing,43.55924692293397,43.55575891021342
2023-09-01,US,United States,Mechanical Engineering,33.358064994806355,33.90938398289983
2023-09-01,US,United States,Media & Communications,45.40007190508529,45.97286050788839
2023-09-01,US,United States,Medical Information,30.05821743750866,29.193282382058964
2023-09-01,US,United States,Medical Technician,28.439074924403627,27.46557107566157
2023-09-01,US,United States,Nursing,38.54588375300293,37.11358349096644
2023-09-01,US,United States,Personal Care & Home Health,61.3589333495039,59.5623206143733
2023-09-01,US,United States,Pharmacy,22.432281874521273,21.412580323463274
2023-09-01,US,United States,Physicians & Surgeons,25.127097613650086,24.169658502275478
2023-09-01,US,United States,Production & Manufacturing,50.23348452641974,49.65480843672014
2023-09-01,US,United States,Project Management,34.56856281976097,34.070771280266
2023-09-01,US,United States,Retail,28.859014352273338,28.317837664560084
2023-09-01,US,United States,Sales,40.02009244194183,40.439955903659765
2023-09-01,US,United States,Scientific Research & Development,24.93701518265597,24.5912174956092
2023-09-01,US,United States,Security & Public Safety,56.22038258447613,54.78539140432374
2023-09-01,US,United States,Social Science,55.71547574972232,54.060683258864294
2023-09-01,US,United States,Software Development,28.22366118305915,28.374017738605982
2023-09-01,US,United States,Therapy,51.75839778065664,50.17483387665472
2023-10-01,US,United States,Accounting,38.40738962176209,37.96493698201429
2023-10-01,US,United States,Administrative Assistance,49.44070242963676,48.92504899528827
2023-10-01,US,United States,Architecture,42.04720935362894,42.07182334630463
2023-10-01,US,United States,Arts & Entertainment,41.28796275770339,41.37619869082915
2023-10-01,US,United States,Aviation,52.30299486779705,53.947583991624526
2023-10-01,US,United States,Banking & Finance,27.15459691219888,26.277945560392222
2023-10-01,US,United States,Childcare,76.98428727228662,77.08339512144902
2023-10-01,US,United States,Civil Engineering,34.86200822078685,35.11423906941341
2023-10-01,US,United States,Cleaning & Sanitation,52.118807070113995,51.3114116597973
2023-10-01,US,United States,Community & Social Service,58.78724038857238,57.22775121101922
2023-10-01,US,United States,Construction,58.62063186122517,58.59358845469621
2023-10-01,US,United States,Customer Service,41.83407995812743,40.23599067680731
2023-10-01,US,United States,Data & Analytics,25.37375849451124,24.77102514672248
2023-10-01,US,United States,Dental,64.91332838374383,63.36027092024654
2023-10-01,US,United States,Driving,63.96652375199135,61.693058276417496
2023-10-01,US,United States,Education & Instruction,45.858434001935954,45.50792545879249
2023-10-01,US,United States,Electrical Engineering,33.84072708783526,34.51299703866143
2023-10-01,US,United States,Food Preparation & Service,36.23538875714677,35.98038911449144
2023-10-01,US,United States,Hospitality & Tourism,43.879901506526515,44.07549193031917
2023-10-01,US,United States,Human Resources,39.77927337021616,39.10864967724566
2023-10-01,US,United States,"IT Infrastructure, Operations & Support",36.157401668231,35.83869117782249
2023-10-01,US,United States,IT Systems & Solutions,25.048948135805038,24.926084680976896
2023-10-01,US,United States,Industrial Engineering,25.496410196216523,25.859778236264614
2023-10-01,US,United States,Installation & Maintenance,52.53486875487297,52.24160913352936
2023-10-01,US,United States,Insurance,43.64685724591938,44.04853222857549
2023-10-01,US,United States,Legal,53.33845110151033,52.368631542835715
2023-10-01,US,United States,Loading & Stocking,46.84762197411998,46.06981757011783
2023-10-01,US,United States,Logistic Support,48.083280579587814,43.28206201760671
2023-10-01,US,United States,Management,29.594231036593843,29.145598437592707
2023-10-01,US,United States,Marketing,44.558012670107935,43.901613327224474
2023-10-01,US,United States,Mechanical Engineering,32.66836658167092,33.41404919863158
2023-10-01,US,United States,Media & Communications,44.88567487355265,45.723075228634734
2023-10-01,US,United States,Medical Information,30.797672516976167,30.001920633455708
2023-10-01,US,United States,Medical Technician,29.093188228255606,28.30915388850968
2023-10-01,US,United States,Nursing,40.03674053338676,38.46957078281806
2023-10-01,US,United States,Personal Care & Home Health,62.48859725107512,61.11839695709716
2023-10-01,US,United States,Pharmacy,24.73776066499937,23.06693761056681
2023-10-01,US,United States,Physicians & Surgeons,26.314505637467477,25.265543348613292
2023-10-01,US,United States,Production & Manufacturing,50.99448112911419,50.36246003179169
2023-10-01,US,United States,Project Management,35.02409201595773,34.68613059568471
2023-10-01,US,United States,Retail,30.11040499313793,29.30139320327494
2023-10-01,US,United States,Sales,39.37253134692363,39.93176024523883
2023-10-01,US,United States,Scientific Research & Development,25.614160618760433,25.144488275710582
2023-10-01,US,United States,Security & Public Safety,56.92527597763205,56.04840344420489
2023-10-01,US,United States,Social Science,58.0677381276673,56.24744033739264
2023-10-01,US,United States,Software Development,29.20583389863359,28.45038889448608
2023-10-01,US,United States,Therapy,53.30102510185307,51.732189205868515
2023-11-01,US,United States,Accounting,38.24796442801871,38.05757776283346
2023-11-01,US,United States,Administrative Assistance,47.936126307398574,48.67239154131314
2023-11-01,US,United States,Architecture,40.921924517430135,41.59304688924464
2023-11-01,US,United States,Arts & Entertainment,40.550421856167134,41.32116788425626
2023-11-01,US,United States,Aviation,39.01750423489554,48.87407349411868
2023-11-01,US,United States,Banking & Finance,27.114104533459372,26.85028990818043
2023-11-01,US,United States,Childcare,77.68840628281609,77.34201110136866
2023-11-01,US,United States,Civil Engineering,34.57178841309824,34.85256770872524
2023-11-01,US,United States,Cleaning & Sanitation,51.899058732365475,51.5922331092938
2023-11-01,US,United States,Community & Social Service,59.16827891577079,58.37939634437945
2023-11-01,US,United States,Construction,57.47772511848341,58.291922513689066
2023-11-01,US,United States,Customer Service,42.479399878847225,41.16313169544201
2023-11-01,US,United States,Data & Analytics,26.196359092329104,25.46847518489281
2023-11-01,US,United States,Dental,63.47660603151199,63.80932646758646
2023-11-01,US,United States,Driving,63.41484910854541,63.60507773683529
2023-11-01,US,United States,Education & Instruction,45.29511956432419,45.69605101760251
2023-11-01,US,United States,Electrical Engineering,33.925626787817606,34.10951213802256
2023-11-01,US,United States,Food Preparation & Service,35.468444742010824,35.820955336379434
2023-11-01,US,United States,Hospitality & Tourism,41.799045747965195,43.290085488841186
2023-11-01,US,United States,Human Resources,40.39021503869451,39.75510709389539
2023-11-01,US,United States,"IT Infrastructure, Operations & Support",36.31860853539135,36.120136021972264
2023-11-01,US,United States,IT Systems & Solutions,25.46374617873149,25.053428863090883
2023-11-01,US,United States,Industrial Engineering,26.55867590326461,25.919672680474164
2023-11-01,US,United States,Installation & Maintenance,52.55664076713609,52.416269932358034
2023-11-01,US,United States,Insurance,46.93583745051206,45.56339810001549
2023-11-01,US,United States,Legal,52.8648974668275,52.832842606406395
2023-11-01,US,United States,Loading & Stocking,45.37319624285164,46.02014699483359
2023-11-01,US,United States,Logistic Support,55.20141454899916,48.219686963591776
2023-11-01,US,United States,Management,29.016024563361132,29.152839122158976
2023-11-01,US,United States,Marketing,45.270496108484934,44.46258523384228
2023-11-01,US,United States,Mechanical Engineering,33.55353258680416,33.19332138776048
2023-11-01,US,United States,Media & Communications,43.983939904157495,44.756562227598465
2023-11-01,US,United States,Medical Information,31.02934491640992,30.62841162363159
2023-11-01,US,United States,Medical Technician,28.779215209777714,28.770492787478986
2023-11-01,US,United States,Nursing,40.37909637815698,39.65390688818223
2023-11-01,US,United States,Personal Care & Home Health,63.80096696212731,62.54949918756878
2023-11-01,US,United States,Pharmacy,24.932409276112864,24.034150605211167
2023-11-01,US,United States,Physicians & Surgeons,26.814018537816047,26.085207262977875
2023-11-01,US,United States,Production & Manufacturing,50.228601671948624,50.48552244249421
2023-11-01,US,United States,Project Management,34.63240526596691,34.741686700561864
2023-11-01,US,United States,Retail,29.55085968618588,29.50675967719906
2023-11-01,US,United States,Sales,39.30335718139051,39.56532699008534
2023-11-01,US,United States,Scientific Research & Development,25.718411816320565,25.423195872578997
2023-11-01,US,United States,Security & Public Safety,57.79760591060524,56.98108815757114
2023-11-01,US,United States,Social Science,58.248646595118245,57.34395349083595
2023-11-01,US,United States,Software Development,29.523161204577136,28.984218762089967
2023-11-01,US,United States,Therapy,53.85824972616272,52.972557536224166
2023-12-01,US,United States,Accounting,38.00802886950321,38.22112763976134
2023-12-01,US,United States,Administrative Assistance,47.56802100297636,48.31494991333724
2023-12-01,US,United States,Architecture,38.83779009563257,40.602307988897216
2023-12-01,US,United States,Arts & Entertainment,39.98193392980041,40.60677284789032
2023-12-01,US,United States,Aviation,39.262985013344284,43.52782803867898
2023-12-01,US,United States,Banking & Finance,28.447995842265968,27.572232429308084
2023-12-01,US,United States,Childcare,77.26449968132569,77.31239774547612
2023-12-01,US,United States,Civil Engineering,34.295289517780674,34.57636205055527
2023-12-01,US,United States,Cleaning & Sanitation,51.38667099156644,51.80151226468198
2023-12-01,US,United States,Community & Social Service,59.037975945245535,58.997831749862904
2023-12-01,US,United States,Construction,55.24828245934429,57.11554647968429
2023-12-01,US,United States,Customer Service,41.19951407941252,41.83766463879572
2023-12-01,US,United States,Data & Analytics,25.35791626564004,25.642677950826794
2023-12-01,US,United States,Dental,62.78965381810021,63.72652941111871
2023-12-01,US,United States,Driving,63.93436646504295,63.7719131085266
2023-12-01,US,United States,Education & Instruction,44.49293865765748,45.21549740797253
2023-12-01,US,United States,Electrical Engineering,33.51090634223598,33.75908673929627
2023-12-01,US,United States,Food Preparation & Service,34.656514377551034,35.45344929223621
2023-12-01,US,United States,Hospitality & Tourism,43.636727078891255,43.10522477779433
2023-12-01,US,United States,Human Resources,40.56733136182656,40.24560659024575
2023-12-01,US,United States,"IT Infrastructure, Operations & Support",34.351546537737946,35.60918558045345
2023-12-01,US,United States,IT Systems & Solutions,25.075366573543572,25.196020296026703
2023-12-01,US,United States,Industrial Engineering,26.976028150428853,26.343704749969998
2023-12-01,US,United States,Installation & Maintenance,51.84916408893404,52.313557870314355
2023-12-01,US,United States,Insurance,46.763901549680945,45.78219874870413
2023-12-01,US,United States,Legal,52.545006318493506,52.91611829561043
2023-12-01,US,United States,Loading & Stocking,44.94993911514003,45.723585777370545
2023-12-01,US,United States,Logistic Support,50.676632572777336,51.320442567121425
2023-12-01,US,United States,Management,30.51089359014841,29.70704973003446
2023-12-01,US,United States,Marketing,45.105624840926446,44.97804453983978
2023-12-01,US,United States,Mechanical Engineering,32.59518419427866,32.93902778758458
2023-12-01,US,United States,Media & Communications,45.319291956083354,44.729635577931155
2023-12-01,US,United States,Medical Information,29.930412883557562,30.58581010564789
2023-12-01,US,United States,Medical Technician,28.2485177483988,28.70697372881071
2023-12-01,US,United States,Nursing,40.09920093222033,40.17167928125469
2023-12-01,US,United States,Personal Care & Home Health,64.26316691000741,63.51757704106995
2023-12-01,US,United States,Pharmacy,25.6092755066061,25.093148482572776
2023-12-01,US,United States,Physicians & Surgeons,25.889155267240167,26.339226480841234
2023-12-01,US,United States,Production & Manufacturing,49.92529897781206,50.38279392629165
2023-12-01,US,United States,Project Management,34.032374184258806,34.56295715539448
2023-12-01,US,United States,Retail,29.596222434319586,29.752495704547812
2023-12-01,US,United States,Sales,38.657497427920234,39.11112865207814
2023-12-01,US,United States,Scientific Research & Development,25.563307789088412,25.631960074723143
2023-12-01,US,United States,Security & Public Safety,57.73088671764987,57.48458953529572
2023-12-01,US,United States,Social Science,57.80918029546914,58.04185500608489
2023-12-01,US,United States,Software Development,29.313866657736998,29.347620586982583
2023-12-01,US,United States,Therapy,53.48489934035222,53.54805805612269
2024-01-01,US,United States,Accounting,39.4958426354,38.58394531097398
2024-01-01,US,United States,Administrative Assistance,48.62761450339158,48.04392060458884
2024-01-01,US,United States,Architecture,40.46477522702916,40.074829946697285
2024-01-01,US,United States,Arts & Entertainment,42.57186661556152,41.0347408005097
2024-01-01,US,United States,Aviation,37.29641693811075,38.525635395450216
2024-01-01,US,United States,Banking & Finance,28.641843461830728,28.067981279185364
2024-01-01,US,United States,Childcare,78.13347675615003,77.69546090676391
2024-01-01,US,United States,Civil Engineering,34.84280532043531,34.56996108377142
2024-01-01,US,United States,Cleaning & Sanitation,51.1366196682043,51.474116464045416
2024-01-01,US,United States,Community & Social Service,59.45168608451571,59.21931364851068
2024-01-01,US,United States,Construction,55.02286353012905,55.916290369318915
2024-01-01,US,United States,Customer Service,42.10201695285496,41.92697697037156
2024-01-01,US,United States,Data & Analytics,26.58031661684933,26.04486399160616
2024-01-01,US,United States,Dental,65.77189554094865,64.01271846352033
2024-01-01,US,United States,Driving,62.800586227510266,63.3832672670329
2024-01-01,US,United States,Education & Instruction,44.95491532065762,44.914324514213085
2024-01-01,US,United States,Electrical Engineering,34.47680839315295,33.971113841068835
2024-01-01,US,United States,Food Preparation & Service,33.004765385969186,34.37657483517702
2024-01-01,US,United States,Hospitality & Tourism,43.94030208583074,43.12535830422906
2024-01-01,US,United States,Human Resources,41.69302270331269,40.88352303461126
2024-01-01,US,United States,"IT Infrastructure, Operations & Support",35.69626404021904,35.455473037782795
2024-01-01,US,United States,IT Systems & Solutions,26.148262732032368,25.562458494769146
2024-01-01,US,United States,Industrial Engineering,27.477392811645053,27.004032288446172
2024-01-01,US,United States,Installation & Maintenance,51.73629675984108,52.04736720530372
2024-01-01,US,United States,Insurance,47.490623934538014,47.063454311577004
2024-01-01,US,United States,Legal,52.91837453864273,52.77609277465456
2024-01-01,US,United States,Loading & Stocking,44.04047265489242,44.787869337628024
2024-01-01,US,United States,Logistic Support,41.367871462774396,49.08197286151695
2024-01-01,US,United States,Management,30.55005563284181,30.025657928783783
2024-01-01,US,United States,Marketing,46.06018152823524,45.47876749254888
2024-01-01,US,United States,Mechanical Engineering,32.93348295476532,33.02739991194938
2024-01-01,US,United States,Media & Communications,47.74198904200564,45.68174030074882
2024-01-01,US,United States,Medical Information,31.109579091211266,30.689778963726255
2024-01-01,US,United States,Medical Technician,29.009878569180863,28.679203842452466
2024-01-01,US,United States,Nursing,39.212521821355836,39.89693971057772
2024-01-01,US,United States,Personal Care & Home Health,64.47806071180975,64.1807315279815
2024-01-01,US,United States,Pharmacy,26.753942153638587,25.76520897878585
2024-01-01,US,United States,Physicians & Surgeons,26.910779746975,26.53798451734374
2024-01-01,US,United States,Production & Manufacturing,49.830756681417924,49.99488577705955
2024-01-01,US,United States,Project Management,35.74973792867382,34.80483912629984
2024-01-01,US,United States,Retail,29.149273010822135,29.43211837710921
2024-01-01,US,United States,Sales,40.85209398060978,39.60431619664019
2024-01-01,US,United States,Scientific Research & Development,26.55078641775687,25.94416867438862
2024-01-01,US,United States,Security & Public Safety,58.890889298275,58.13979397551003
2024-01-01,US,United States,Social Science,57.82775119617225,57.9618593622532
2024-01-01,US,United States,Software Development,29.808429118773944,29.5484856603627
2024-01-01,US,United States,Therapy,54.07608067260203,53.806409913039005
2024-02-01,US,United States,Accounting,39.41523807209593,38.97303652566638
2024-02-01,US,United States,Administrative Assistance,49.22526430630958,48.47363327089251
2024-02-01,US,United States,Architecture,41.494108225603476,40.265557849421725
2024-02-01,US,United States,Arts & Entertainment,44.43895017116775,42.3309169055099
2024-02-01,US,United States,Aviation,38.315688161693934,38.291696704383014
2024-02-01,US,United States,Banking & Finance,26.04585832510819,27.71189920973497
2024-02-01,US,United States,Childcare,78.9528299758623,78.11693547111265
2024-02-01,US,United States,Civil Engineering,36.770550753895655,35.302881864037225
2024-02-01,US,United States,Cleaning & Sanitation,52.72317270454434,51.74882112143837
2024-02-01,US,United States,Community & Social Service,60.52475286211073,59.671471630623984
2024-02-01,US,United States,Construction,56.73634199503802,55.669162661503776
2024-02-01,US,United States,Customer Service,43.37941085944997,42.22698063057248
2024-02-01,US,United States,Data & Analytics,26.18728273068185,26.041838537723745
2024-02-01,US,United States,Dental,65.56760426414195,64.70971787439697
2024-02-01,US,United States,Driving,61.16056780302914,62.63184016519415
2024-02-01,US,United States,Education & Instruction,45.3869255858513,44.94492652138879
2024-02-01,US,United States,Electrical Engineering,35.082326337361316,34.3566803575834
2024-02-01,US,United States,Food Preparation & Service,34.4614063682403,34.0408953772535
2024-02-01,US,United States,Hospitality & Tourism,46.060308296996865,44.54577915390629
2024-02-01,US,United States,Human Resources,41.618905786963914,41.29308661736773
2024-02-01,US,United States,"IT Infrastructure, Operations & Support",35.774843380725514,35.27421798622751
2024-02-01,US,United States,IT Systems & Solutions,27.141239908243215,26.121623071273053
2024-02-01,US,United States,Industrial Engineering,28.02926383173297,27.494228264602295
2024-02-01,US,United States,Installation & Maintenance,52.73378251858774,52.10641445578761
2024-02-01,US,United States,Insurance,47.85097268066578,47.368499388294914
2024-02-01,US,United States,Legal,50.96986767284902,52.144416176661736
2024-02-01,US,United States,Loading & Stocking,44.68132613315912,44.55724596773052
2024-02-01,US,United States,Logistic Support,40.91029295095937,44.31826566217035
2024-02-01,US,United States,Management,30.940416957934126,30.667122060308117
2024-02-01,US,United States,Marketing,46.3345324828441,45.83344628400193
2024-02-01,US,United States,Mechanical Engineering,33.94847213900539,33.15904642934979
2024-02-01,US,United States,Media & Communications,48.28381040191107,47.115030466666674
2024-02-01,US,United States,Medical Information,31.66224557465694,30.90074584980859
2024-02-01,US,United States,Medical Technician,29.900541319075675,29.05297921221845
2024-02-01,US,United States,Nursing,39.59793778542968,39.63655351300195
2024-02-01,US,United States,Personal Care & Home Health,65.83766968786391,64.85963243656036
2024-02-01,US,United States,Pharmacy,26.619355736450288,26.32752446556499
2024-02-01,US,United States,Physicians & Surgeons,26.56241257763106,26.454115863948743
2024-02-01,US,United States,Production & Manufacturing,50.20321307965292,49.98642291296098
2024-02-01,US,United States,Project Management,35.97898378657155,35.25369863316805
2024-02-01,US,United States,Retail,28.690738960997813,29.14541146871319
2024-02-01,US,United States,Sales,41.21718130391475,40.242257570814935
2024-02-01,US,United States,Scientific Research & Development,27.502861753832875,26.538985320226057
2024-02-01,US,United States,Security & Public Safety,59.040236799795565,58.5540042719068
2024-02-01,US,United States,Social Science,58.20470552974674,57.947212340462706
2024-02-01,US,United States,Software Development,29.815651105965436,29.6459822941588
2024-02-01,US,United States,Therapy,54.850020001815295,54.1370000049232
2024-03-01,US,United States,Accounting,38.90741449370433,39.27283173373342
2024-03-01,US,United States,Administrative Assistance,49.39326098145523,49.082046597052134
2024-03-01,US,United States,Architecture,41.560144215011476,41.173009222548025
2024-03-01,US,United States,Arts & Entertainment,43.17003531444887,43.393617367059385
2024-03-01,US,United States,Aviation,39.082397003745314,38.23150070118336
2024-03-01,US,United States,Banking & Finance,28.777979665210502,27.821893817383145
2024-03-01,US,United States,Childcare,78.99335597855114,78.69322090352114
2024-03-01,US,United States,Civil Engineering,36.67859882383022,36.09731829938707
2024-03-01,US,United States,Cleaning & Sanitation,54.08602993026717,52.64860743433861
2024-03-01,US,United States,Community & Social Service,61.141890447236044,60.37277646462082
2024-03-01,US,United States,Construction,58.30655289598109,56.68858614038271
2024-03-01,US,United States,Customer Service,43.68672678072777,43.05605153101089
2024-03-01,US,United States,Data & Analytics,26.57101487429248,26.446204740607893
2024-03-01,US,United States,Dental,68.42124759223589,66.58691579910887
2024-03-01,US,United States,Driving,65.73038157973949,63.23051187009299
2024-03-01,US,United States,Education & Instruction,44.38880328710837,44.91021473120575
2024-03-01,US,United States,Electrical Engineering,36.23968294367887,35.266272558064365
2024-03-01,US,United States,Food Preparation & Service,34.801772914663964,34.089314889624475
2024-03-01,US,United States,Hospitality & Tourism,48.14679105949999,46.049133814109204
2024-03-01,US,United States,Human Resources,41.70691958714451,41.67294935914038
2024-03-01,US,United States,"IT Infrastructure, Operations & Support",35.337071326118135,35.60272624902091
2024-03-01,US,United States,IT Systems & Solutions,26.8755381090665,26.721680249780693
2024-03-01,US,United States,Industrial Engineering,28.725196350828064,28.07728433140203
2024-03-01,US,United States,Installation & Maintenance,53.447175450455866,52.63908490962822
2024-03-01,US,United States,Insurance,49.080993738638654,48.140863451280815
2024-03-01,US,United States,Legal,50.588059155257604,51.492100455583106
2024-03-01,US,United States,Loading & Stocking,45.97846139291402,44.90008672698852
2024-03-01,US,United States,Logistic Support,43.26316377240494,41.84710939537955
2024-03-01,US,United States,Management,32.282572884751595,31.257681825175847
2024-03-01,US,United States,Marketing,47.209472299371434,46.53472877015026
2024-03-01,US,United States,Mechanical Engineering,34.72349954016554,33.86848487797875
2024-03-01,US,United States,Media & Communications,48.08288869586798,48.036229379928216
2024-03-01,US,United States,Medical Information,31.912486333935064,31.561436999934426
2024-03-01,US,United States,Medical Technician,30.259636418495887,29.723352102250814
2024-03-01,US,United States,Nursing,40.226850200588984,39.67910326912483
2024-03-01,US,United States,Personal Care & Home Health,66.22003765232255,65.51192268399873
2024-03-01,US,United States,Pharmacy,27.986547740897795,27.119948543662222
2024-03-01,US,United States,Physicians & Surgeons,27.391476261756146,26.9548895287874
2024-03-01,US,United States,Production & Manufacturing,50.68411084914776,50.239360203406214
2024-03-01,US,United States,Project Management,36.073579512493545,35.9341004092463
2024-03-01,US,United States,Retail,33.698096637310506,30.512702869710157
2024-03-01,US,United States,Sales,42.774294340435794,41.61452320832013
2024-03-01,US,United States,Scientific Research & Development,27.567916014365963,27.20718806198524
2024-03-01,US,United States,Security & Public Safety,59.507294192471285,59.14614009684727
2024-03-01,US,United States,Social Science,58.79181180512478,58.27475617701459
2024-03-01,US,United States,Software Development,30.71168329497639,30.1119211732386
2024-03-01,US,United States,Therapy,55.56360851236217,54.82990306225985
2024-04-01,US,United States,Accounting,42.144713445493096,40.15578867043112
2024-04-01,US,United States,Administrative Assistance,49.47621694031025,49.36491407602502
2024-04-01,US,United States,Architecture,41.00780938265975,41.35402060775822
2024-04-01,US,United States,Arts & Entertainment,42.07808465691261,43.22902338084308
2024-04-01,US,United States,Aviation,40.938493586229576,39.4455262505563
2024-04-01,US,United States,Banking & Finance,29.908183327924863,28.244007106081188
2024-04-01,US,United States,Childcare,77.21747158778659,78.38788584739999
2024-04-01,US,United States,Civil Engineering,36.57150238987211,36.673550655866
2024-04-01,US,United States,Cleaning & Sanitation,55.85813842264684,54.22244701915279
2024-04-01,US,United States,Community & Social Service,60.7763639309547,60.81433574676716
2024-04-01,US,United States,Construction,57.8111193098485,57.61800473362252
2024-04-01,US,United States,Customer Service,44.29161534075328,43.785917660310325
2024-04-01,US,United States,Data & Analytics,27.136927117160365,26.631741574044906
2024-04-01,US,United States,Dental,68.44716601803862,67.4786726248055
2024-04-01,US,United States,Driving,65.52162849872774,64.1375259604988
2024-04-01,US,United States,Education & Instruction,42.948591595565944,44.241440156175194
2024-04-01,US,United States,Electrical Engineering,36.18042952208106,35.83414626770706
2024-04-01,US,United States,Food Preparation & Service,36.52858952713826,35.263922936680835
2024-04-01,US,United States,Hospitality & Tourism,48.14875003385607,47.45194979678431
2024-04-01,US,United States,Human Resources,41.524873556276894,41.61689964346178
2024-04-01,US,United States,"IT Infrastructure, Operations & Support",35.043985447265584,35.38530005136977
2024-04-01,US,United States,IT Systems & Solutions,27.301113429698564,27.105963815669426
2024-04-01,US,United States,Industrial Engineering,28.34095557649438,28.365138586351804
2024-04-01,US,United States,Installation & Maintenance,53.644777709372384,53.27524522613865
2024-04-01,US,United States,Insurance,48.111286296150304,48.34775090515158
2024-04-01,US,United States,Legal,51.15254004733647,50.90348895848103
2024-04-01,US,United States,Loading & Stocking,46.247815812363854,45.63586777947899
2024-04-01,US,United States,Logistic Support,43.52608144369416,42.566512722352805
2024-04-01,US,United States,Management,32.86328207752475,32.02875730673683
2024-04-01,US,United States,Marketing,47.85804965900032,47.13401814707196
2024-04-01,US,United States,Mechanical Engineering,34.92083438049761,34.53093535322285
2024-04-01,US,United States,Media & Communications,48.10372637412631,48.156808490635115
2024-04-01,US,United States,Medical Information,31.76986823141857,31.781533380003527
2024-04-01,US,United States,Medical Technician,29.497420943652823,29.885866227074803
2024-04-01,US,United States,Nursing,39.02869276242627,39.61782691614831
2024-04-01,US,United States,Personal Care & Home Health,65.92290603715549,65.99353779244733
2024-04-01,US,United States,Pharmacy,27.425634240057,27.34384590580169
2024-04-01,US,United States,Physicians & Surgeons,27.271461005947657,27.07511661511162
2024-04-01,US,United States,Production & Manufacturing,50.73563322918629,50.540985719329
2024-04-01,US,United States,Project Management,35.74567605787012,35.93274645231173
2024-04-01,US,United States,Retail,32.651944200033874,31.68025993278074
2024-04-01,US,United States,Sales,42.45029328419997,42.147256309516855
2024-04-01,US,United States,Scientific Research & Development,27.308766895718495,27.45984822130578
2024-04-01,US,United States,Security & Public Safety,60.15632018686551,59.56795039304411
2024-04-01,US,United States,Social Science,58.98657848667575,58.661031940515755
2024-04-01,US,United States,Software Development,30.552378698847132,30.35990436659633
2024-04-01,US,United States,Therapy,54.49524442545379,54.96962431321043
2024-05-01,US,United States,Accounting,44.33773009516111,41.79661934478618
2024-05-01,US,United States,Administrative Assistance,51.3630444267553,50.077507449506925
2024-05-01,US,United States,Architecture,42.445616738782526,41.67119011215124
2024-05-01,US,United States,Arts & Entertainment,45.95431976166832,43.73414657767662
2024-05-01,US,United States,Aviation,38.44522086348889,39.48870381782128
2024-05-01,US,United States,Banking & Finance,31.30751762877973,29.997893540638373
2024-05-01,US,United States,Childcare,75.8379257385491,77.34958443496225
2024-05-01,US,United States,Civil Engineering,37.14053724879897,36.79687948750044
2024-05-01,US,United States,Cleaning & Sanitation,56.38414178030957,55.442770044407865
2024-05-01,US,United States,Community & Social Service,60.659239867769855,60.85916474865354
2024-05-01,US,United States,Construction,58.28195106480229,58.133207756877276
2024-05-01,US,United States,Customer Service,44.2648723154089,44.0810714789633
2024-05-01,US,United States,Data & Analytics,27.228578238588963,26.97884007668061
2024-05-01,US,United States,Dental,68.31666999328627,68.39502786785361
2024-05-01,US,United States,Driving,65.4905580008519,65.58085602643973
2024-05-01,US,United States,Education & Instruction,42.747884020530954,43.36175963440174
2024-05-01,US,United States,Electrical Engineering,36.48815972759635,36.302757397785406
2024-05-01,US,United States,Food Preparation & Service,38.04221280425245,36.457525082018215
2024-05-01,US,United States,Hospitality & Tourism,48.75314897110023,48.34956335481877
2024-05-01,US,United States,Human Resources,42.06411986412917,41.765304335850196
2024-05-01,US,United States,"IT Infrastructure, Operations & Support",36.435886931585415,35.6056479016564
2024-05-01,US,United States,IT Systems & Solutions,28.918283736145078,27.69831175830338
2024-05-01,US,United States,Industrial Engineering,28.058003024992196,28.37471831743821
2024-05-01,US,United States,Installation & Maintenance,54.144893049844164,53.74561540322413
2024-05-01,US,United States,Insurance,50.378424827312685,49.19023495403388
2024-05-01,US,United States,Legal,53.958382297109175,51.899660499901074
2024-05-01,US,United States,Loading & Stocking,47.43193849256365,46.55273856594717
2024-05-01,US,United States,Logistic Support,44.395320991065674,43.72818873572158
2024-05-01,US,United States,Management,35.056814323547385,33.400889761941244
2024-05-01,US,United States,Marketing,47.56238859180036,47.54330351672405
2024-05-01,US,United States,Mechanical Engineering,35.961266360099046,35.20186676025407
2024-05-01,US,United States,Media & Communications,47.75936416673713,47.98199307891047
2024-05-01,US,United States,Medical Information,31.766413431489205,31.81625599894762
2024-05-01,US,United States,Medical Technician,29.50703141828476,29.7546962601445
2024-05-01,US,United States,Nursing,38.68726034429539,39.314267769103544
2024-05-01,US,United States,Personal Care & Home Health,66.86682603268363,66.33658990738722
2024-05-01,US,United States,Pharmacy,28.168127197355304,27.860103059436696
2024-05-01,US,United States,Physicians & Surgeons,26.455040871934603,27.039326046546133
2024-05-01,US,United States,Production & Manufacturing,50.6053428953253,50.67502899121979
2024-05-01,US,United States,Project Management,36.61658754537839,36.145281038580684
2024-05-01,US,United States,Retail,34.62365820412336,33.65789968048926
2024-05-01,US,United States,Sales,43.04948871746844,42.758025447368084
2024-05-01,US,United States,Scientific Research & Development,27.22988237127055,27.368855093785005
2024-05-01,US,United States,Security & Public Safety,59.1172518058122,59.593622061716324
2024-05-01,US,United States,Social Science,57.99470185435097,58.59103071538383
2024-05-01,US,United States,Software Development,32.332687830761806,31.198916608195123
2024-05-01,US,United States,Therapy,54.952536382335616,55.003796440050536
2024-06-01,US,United States,Accounting,45.198394440830704,43.89361266049497
2024-06-01,US,United States,Administrative Assistance,51.59145793552735,50.810239767530966
2024-06-01,US,United States,Architecture,42.5739418663947,42.00912266261231
2024-06-01,US,United States,Arts & Entertainment,43.706795356723624,43.9130665917682
2024-06-01,US,United States,Aviation,40.146175933176714,39.84329679429842
2024-06-01,US,United States,Banking & Finance,33.56680556786949,31.594168841524702
2024-06-01,US,United States,Childcare,75.84730386820524,76.30090039818029
2024-06-01,US,United States,Civil Engineering,38.41648590021692,37.37617517962934
2024-06-01,US,United States,Cleaning & Sanitation,57.97044262082828,56.7375742745949
2024-06-01,US,United States,Community & Social Service,61.059908773331486,60.83183752401868
2024-06-01,US,United States,Construction,57.49350076028842,57.862190378313045
2024-06-01,US,United States,Customer Service,43.41852359362498,43.991670416595696
2024-06-01,US,United States,Data & Analytics,28.143003456663678,27.50283627080434
2024-06-01,US,United States,Dental,68.54215557209089,68.43533052780528
2024-06-01,US,United States,Driving,66.21216225019114,65.74144958325694
2024-06-01,US,United States,Education & Instruction,44.68025663612101,43.458910750739285
2024-06-01,US,United States,Electrical Engineering,38.345398138572904,37.00466246275008
2024-06-01,US,United States,Food Preparation & Service,37.817924655315004,37.46290899556857
2024-06-01,US,United States,Hospitality & Tourism,48.36226509178172,48.42138803224602
2024-06-01,US,United States,Human Resources,43.241931975975774,42.27697513212728
2024-06-01,US,United States,"IT Infrastructure, Operations & Support",36.822573561704,36.100815313518346
2024-06-01,US,United States,IT Systems & Solutions,30.606944076331832,28.942113747391826
2024-06-01,US,United States,Industrial Engineering,28.521457658974626,28.306805420153733
2024-06-01,US,United States,Installation & Maintenance,54.35261056268863,54.04742710730172
2024-06-01,US,United States,Insurance,49.60112623181605,49.363612451759685
2024-06-01,US,United States,Legal,54.01180770312061,53.04091001585541
2024-06-01,US,United States,Loading & Stocking,46.65328250603507,46.77767893698751
2024-06-01,US,United States,Logistic Support,46.11756512930898,44.6796558546896
2024-06-01,US,United States,Management,36.29674197620692,34.73894612575969
2024-06-01,US,United States,Marketing,51.09551768580839,48.8386519788697
2024-06-01,US,United States,Mechanical Engineering,37.244169443122324,36.04209006123967
2024-06-01,US,United States,Media & Communications,50.25856496444732,48.70721850177025
2024-06-01,US,United States,Medical Information,31.819842741335208,31.785374801414335
2024-06-01,US,United States,Medical Technician,29.826908097202182,29.610453486379928
2024-06-01,US,United States,Nursing,39.024188043384314,38.91338038336866
2024-06-01,US,United States,Personal Care & Home Health,67.55510451162625,66.78161219382179
2024-06-01,US,United States,Pharmacy,28.13680179585369,27.910187744421993
2024-06-01,US,United States,Physicians & Surgeons,28.217700749755515,27.314734209212588
2024-06-01,US,United States,Production & Manufacturing,50.33835192808005,50.559776017530545
2024-06-01,US,United States,Project Management,37.31715976331361,36.55980778885404
2024-06-01,US,United States,Retail,32.557623867756135,33.277742090637794
2024-06-01,US,United States,Sales,42.660047534136034,42.71994317860149
2024-06-01,US,United States,Scientific Research & Development,28.314455628638076,27.617701631875708
2024-06-01,US,United States,Security & Public Safety,58.23760713970133,59.17039304412634
2024-06-01,US,United States,Social Science,59.00683661031321,58.66270565044664
2024-06-01,US,United States,Software Development,34.54409423983922,32.4763869231494
2024-06-01,US,United States,Therapy,53.70677210611067,54.38485097130003
2024-07-01,US,United States,Accounting,44.02258313761791,44.51956922453658
2024-07-01,US,United States,Administrative Assistance,52.66966032742578,51.87472089656948
2024-07-01,US,United States,Architecture,42.82390953150242,42.614489378893204
2024-07-01,US,United States,Arts & Entertainment,46.129216193692706,45.2634437706949
2024-07-01,US,United States,Aviation,41.72487909725954,40.10542529797507
2024-07-01,US,United States,Banking & Finance,34.07061121964834,32.98164480543253
2024-07-01,US,United States,Childcare,77.15393159099668,76.27972039925032
2024-07-01,US,United States,Civil Engineering,38.85200806895287,38.13634373932293
2024-07-01,US,United States,Cleaning & Sanitation,59.0196876430788,57.79142401473888
2024-07-01,US,United States,Community & Social Service,62.45257768665054,61.39057544258397
2024-07-01,US,United States,Construction,57.01710645486278,57.59751942665114
2024-07-01,US,United States,Customer Service,43.8359020936246,43.83976600088614
2024-07-01,US,United States,Data & Analytics,30.244500397561623,28.538694030938093
2024-07-01,US,United States,Dental,67.94969803531839,68.26950786689854
2024-07-01,US,United States,Driving,68.87564721876717,66.85945582327008
2024-07-01,US,United States,Education & Instruction,48.382596217088874,45.27024562458027
2024-07-01,US,United States,Electrical Engineering,39.71637192419702,38.18330993012207
2024-07-01,US,United States,Food Preparation & Service,38.99209234204119,38.28407660053622
2024-07-01,US,United States,Hospitality & Tourism,48.000379975301605,48.371931346061196
2024-07-01,US,United States,Human Resources,45.24207011686144,43.516040652322125
2024-07-01,US,United States,"IT Infrastructure, Operations & Support",38.18923687692986,37.149232456739774
2024-07-01,US,United States,IT Systems & Solutions,32.907133243607,30.810787018694636
2024-07-01,US,United States,Industrial Engineering,30.64773927884485,29.07573332093722
2024-07-01,US,United States,Installation & Maintenance,54.77229176740271,54.42326512664516
2024-07-01,US,United States,Insurance,51.25019127773527,50.409914112288014
2024-07-01,US,United States,Legal,55.20417958942549,54.39145652988509
2024-07-01,US,United States,Loading & Stocking,47.7715331329238,47.28558471050749
2024-07-01,US,United States,Logistic Support,46.527554498103015,45.680146872825894
2024-07-01,US,United States,Management,36.49599679994,35.94985103323143
2024-07-01,US,United States,Marketing,52.81289355800347,50.490266611870744
2024-07-01,US,United States,Mechanical Engineering,38.19820707319476,37.13454762547206
2024-07-01,US,United States,Media & Communications,52.41916561077479,50.14569824731975
2024-07-01,US,United States,Medical Information,32.7751912657573,32.12048247952725
2024-07-01,US,United States,Medical Technician,30.80581342261452,30.046584312700492
2024-07-01,US,United States,Nursing,39.59771331040115,39.10305389936028
2024-07-01,US,United States,Personal Care & Home Health,67.99824945295406,67.47339333242131
2024-07-01,US,United States,Pharmacy,30.646385841820038,28.983771611676342
2024-07-01,US,United States,Physicians & Surgeons,27.296620602841294,27.32312074151047
2024-07-01,US,United States,Production & Manufacturing,50.71817979926785,50.55395820755774
2024-07-01,US,United States,Project Management,39.10884525918695,37.680864189292976
2024-07-01,US,United States,Retail,33.49744997161669,33.55957734783207
2024-07-01,US,United States,Sales,44.44103584763074,43.38352403307841
2024-07-01,US,United States,Scientific Research & Development,29.21474810019702,28.25302870003522
2024-07-01,US,United States,Security & Public Safety,59.306125679908625,58.886994875140715
2024-07-01,US,United States,Social Science,59.48470209339774,58.82874685268731
2024-07-01,US,United States,Software Development,35.681226169353316,34.18600274665146
2024-07-01,US,United States,Therapy,55.71103123576165,54.79011324140265
2024-08-01,US,United States,Accounting,42.22586155779249,43.815613045413706
2024-08-01,US,United States,Administrative Assistance,53.45374470625999,52.57162098973771
2024-08-01,US,United States,Architecture,43.39760638297872,42.93181926029194
2024-08-01,US,United States,Arts & Entertainment,47.13392505793363,45.65664553611666
2024-08-01,US,United States,Aviation,43.71173469387755,41.86092990810462
2024-08-01,US,United States,Banking & Finance,34.16595725614947,33.93445801455577
2024-08-01,US,United States,Childcare,78.07813776806026,77.02645774242072
2024-08-01,US,United States,Civil Engineering,38.70431893687707,38.657604302015635
2024-08-01,US,United States,Cleaning & Sanitation,59.564570272481845,58.85156684546297
2024-08-01,US,United States,Community & Social Service,63.15722859592536,62.22323835196914
2024-08-01,US,United States,Construction,56.86053364221992,57.12371361912369
2024-08-01,US,United States,Customer Service,42.36409297261224,43.206172886620585
2024-08-01,US,United States,Data & Analytics,31.259978495324365,29.882494116516558
2024-08-01,US,United States,Dental,68.55488036460311,68.34891132400413
2024-08-01,US,United States,Driving,68.1925287002744,67.76011272307758
2024-08-01,US,United States,Education & Instruction,51.86600200500908,48.309618286072975
2024-08-01,US,United States,Electrical Engineering,39.68129139072848,39.24768715116611
2024-08-01,US,United States,Food Preparation & Service,40.26229989091209,39.02410562942276
2024-08-01,US,United States,Hospitality & Tourism,48.57960871639892,48.31408459449409
2024-08-01,US,United States,Human Resources,45.41895705221263,44.63431971501662
2024-08-01,US,United States,"IT Infrastructure, Operations & Support",39.337811691558514,38.116540710064136
2024-08-01,US,United States,IT Systems & Solutions,34.83760065140686,32.783892657115224
2024-08-01,US,United States,Industrial Engineering,31.422750060320098,30.197315666046524
2024-08-01,US,United States,Installation & Maintenance,54.64118731274774,54.58869654761302
2024-08-01,US,United States,Insurance,56.1507007522552,52.33400608726885
2024-08-01,US,United States,Legal,56.66448635488208,55.29349121580939
2024-08-01,US,United States,Loading & Stocking,47.33171788904617,47.252177842668324
2024-08-01,US,United States,Logistic Support,47.965042102577186,46.87005390999641
2024-08-01,US,United States,Management,36.14503030433486,36.312589693493926
2024-08-01,US,United States,Marketing,53.04801995634549,52.318810400052456
2024-08-01,US,United States,Mechanical Engineering,36.986033792362534,37.47613676955988
2024-08-01,US,United States,Media & Communications,54.3774450290031,52.35172520140841
2024-08-01,US,United States,Medical Information,33.694859396526105,32.763297801206214
2024-08-01,US,United States,Medical Technician,31.005910102414575,30.54621054074376
2024-08-01,US,United States,Nursing,39.78643289471588,39.46944474950045
2024-08-01,US,United States,Personal Care & Home Health,68.22310966779304,67.92548787745777
2024-08-01,US,United States,Pharmacy,31.894745012807572,30.225977550160433
2024-08-01,US,United States,Physicians & Surgeons,29.813407049067038,28.44257613388795
2024-08-01,US,United States,Production & Manufacturing,50.82768676558882,50.628072830978915
2024-08-01,US,United States,Project Management,40.18562709100284,38.870544037834456
2024-08-01,US,United States,Retail,33.37757343066155,33.144215756678136
2024-08-01,US,United States,Sales,45.40832106493796,44.16980148223491
2024-08-01,US,United States,Scientific Research & Development,30.10530481236397,29.21150284706636
2024-08-01,US,United States,Security & Public Safety,60.530503978779834,59.358078932796595
2024-08-01,US,United States,Social Science,59.85473212822894,59.44875694397996
2024-08-01,US,United States,Software Development,36.288269218970484,35.504529876054356
2024-08-01,US,United States,Therapy,56.48673835599236,55.30151389928824
2024-09-01,US,United States,Accounting,42.451123558771606,42.89985608472734
2024-09-01,US,United States,Administrative Assistance,52.90944164921145,53.01094889429908
2024-09-01,US,United States,Architecture,42.484705228031146,42.90207371417075
2024-09-01,US,United States,Arts & Entertainment,47.82824858757062,47.030463279732324
2024-09-01,US,United States,Aviation,43.19104268719384,42.875885492777
2024-09-01,US,United States,Banking & Finance,34.51679264036244,34.251120372053414
2024-09-01,US,United States,Childcare,79.99649500538267,78.4095214548132
2024-09-01,US,United States,Civil Engineering,37.658434127616424,38.40492037781547
2024-09-01,US,United States,Cleaning & Sanitation,59.68203102338495,59.422096312981864
2024-09-01,US,United States,Community & Social Service,64.03682606261498,63.21554411506363
2024-09-01,US,United States,Construction,56.95535174913504,56.9443306154059
2024-09-01,US,United States,Customer Service,43.975330025502515,43.391775030579765
2024-09-01,US,United States,Data & Analytics,34.04007842876607,31.848185773884023
2024-09-01,US,United States,Dental,68.77785779629016,68.42747873207055
2024-09-01,US,United States,Driving,67.9575440613564,68.34190666013266
2024-09-01,US,United States,Education & Instruction,53.80691769712121,51.351838639739704
2024-09-01,US,United States,Electrical Engineering,39.547060045709536,39.64824112021166
2024-09-01,US,United States,Food Preparation & Service,38.98202352126222,39.4121385847385
2024-09-01,US,United States,Hospitality & Tourism,49.87190735216704,48.8172986812892
2024-09-01,US,United States,Human Resources,46.259025964049776,45.64001771104129
2024-09-01,US,United States,"IT Infrastructure, Operations & Support",41.51689600299541,39.681314857161276
2024-09-01,US,United States,IT Systems & Solutions,35.419321705057726,34.38801853335719
2024-09-01,US,United States,Industrial Engineering,32.02184574230941,31.364111693824785
2024-09-01,US,United States,Installation & Maintenance,54.368243230287206,54.59390743681254
2024-09-01,US,United States,Insurance,60.907538744418176,56.10281025813621
2024-09-01,US,United States,Legal,58.514912228621185,56.79452605764292
2024-09-01,US,United States,Loading & Stocking,47.257576278765775,47.45360910024524
2024-09-01,US,United States,Logistic Support,47.138549113949786,47.21038190487667
2024-09-01,US,United States,Management,36.61352206936337,36.41818305787941
2024-09-01,US,United States,Marketing,53.213675775091964,53.02486309648032
2024-09-01,US,United States,Mechanical Engineering,35.74430651940182,36.976182461653046
2024-09-01,US,United States,Media & Communications,54.87640866298753,53.89100643425514
2024-09-01,US,United States,Medical Information,34.35900377098777,33.6096848110904
2024-09-01,US,United States,Medical Technician,31.776201891064055,31.195975138697722
2024-09-01,US,United States,Nursing,40.381741911919335,39.92196270567879
2024-09-01,US,United States,Personal Care & Home Health,68.64612762904166,68.28916224992957
2024-09-01,US,United States,Pharmacy,32.61386248065443,31.71833111176068
2024-09-01,US,United States,Physicians & Surgeons,30.909551201811507,29.339859617906615
2024-09-01,US,United States,Production & Manufacturing,50.7216764093622,50.75584765807297
2024-09-01,US,United States,Project Management,40.54394200636822,39.94613811885265
2024-09-01,US,United States,Retail,33.42594168433738,33.43365502887188
2024-09-01,US,United States,Sales,46.34451852831569,45.3979584802948
2024-09-01,US,United States,Scientific Research & Development,30.881298707305227,30.067117206622076
2024-09-01,US,United States,Security & Public Safety,60.54132813078804,60.1259859298255
2024-09-01,US,United States,Social Science,61.048923234274675,60.12945248530045
2024-09-01,US,United States,Software Development,36.39185288228814,36.12044942353733
2024-09-01,US,United States,Therapy,57.405441897530295,56.53440382976145
2024-10-01,US,United States,Accounting,43.23306972407362,42.63668494687925
2024-10-01,US,United States,Administrative Assistance,53.681661180269614,53.34828251191368
2024-10-01,US,United States,Architecture,42.5287356321839,42.803682414397905
2024-10-01,US,United States,Arts & Entertainment,46.52129228294383,47.1611553094827
2024-10-01,US,United States,Aviation,44.965967101531476,43.95624816086765
2024-10-01,US,United States,Banking & Finance,34.849477178798075,34.510742358436666
2024-10-01,US,United States,Childcare,80.75206805667911,79.60890027670733
2024-10-01,US,United States,Civil Engineering,37.44536182612919,37.936038296874244
2024-10-01,US,United States,Cleaning & Sanitation,59.44047685210916,59.562359382658656
2024-10-01,US,United States,Community & Social Service,64.08787052705527,63.76064172853186
2024-10-01,US,United States,Construction,56.64470101901343,56.82019547012279
2024-10-01,US,United States,Customer Service,43.150872572249746,43.163431856788144
2024-10-01,US,United States,Data & Analytics,33.31877582557866,32.8729442498897
2024-10-01,US,United States,Dental,68.83604759777444,68.72292858622258
2024-10-01,US,United States,Driving,67.72136534128404,67.95714603430496
2024-10-01,US,United States,Education & Instruction,52.353051658527825,52.67532378688602
2024-10-01,US,United States,Electrical Engineering,40.07659007659007,39.76831383767601
2024-10-01,US,United States,Food Preparation & Service,39.041539265626575,39.42862089260029
2024-10-01,US,United States,Hospitality & Tourism,48.36995646361112,48.94049084405904
2024-10-01,US,United States,Human Resources,48.20479926317001,46.62759409314415
2024-10-01,US,United States,"IT Infrastructure, Operations & Support",42.617520614560576,41.1574094363715
2024-10-01,US,United States,IT Systems & Solutions,35.65541336112881,35.30411190586445
2024-10-01,US,United States,Industrial Engineering,32.528416967008596,31.991004256546034
2024-10-01,US,United States,Installation & Maintenance,53.588656061650155,54.199362201561684
2024-10-01,US,United States,Insurance,56.19999301212396,57.75274416959911
2024-10-01,US,United States,Legal,59.5481504604339,58.24251634797906
2024-10-01,US,United States,Loading & Stocking,46.40097171123277,46.9967552930149
2024-10-01,US,United States,Logistic Support,47.731663446805676,47.61175155444422
2024-10-01,US,United States,Management,36.84406524514267,36.53420587294698
2024-10-01,US,United States,Marketing,53.68396625171974,53.3152206610524
2024-10-01,US,United States,Mechanical Engineering,35.582498682129675,36.10427966463135
2024-10-01,US,United States,Media & Communications,54.481563492827576,54.5784723949394
2024-10-01,US,United States,Medical Information,33.51247225673167,33.85544514141519
2024-10-01,US,United States,Medical Technician,31.28339380081136,31.35516859809667
2024-10-01,US,United States,Nursing,39.7882267522439,39.98546718629304
2024-10-01,US,United States,Personal Care & Home Health,67.45134639980643,68.1068612322137
2024-10-01,US,United States,Pharmacy,31.33392520253024,31.94751089866408
2024-10-01,US,United States,Physicians & Surgeons,31.499211227764786,30.74072315954778
2024-10-01,US,United States,Production & Manufacturing,49.982675649663136,50.51067960820473
2024-10-01,US,United States,Project Management,40.74724672347635,40.49227194028245
2024-10-01,US,United States,Retail,31.924557279716808,32.909357464905256
2024-10-01,US,United States,Sales,46.14339716372612,45.965412252326594
2024-10-01,US,United States,Scientific Research & Development,31.001655629139073,30.66275304960276
2024-10-01,US,United States,Security & Public Safety,60.55099429877405,60.54094213611396
2024-10-01,US,United States,Social Science,61.12927839546545,60.677644585989675
2024-10-01,US,United States,Software Development,37.7189742931004,36.79969879811969
2024-10-01,US,United States,Therapy,56.798790476710536,56.896990243411075
2024-11-01,US,United States,Accounting,44.1811259975108,43.288439760118685
2024-11-01,US,United States,Administrative Assistance,51.98677733234269,52.85929338727458
2024-11-01,US,United States,Architecture,41.17435676297255,42.06259920772917
2024-11-01,US,United States,Arts & Entertainment,42.560461504326604,45.636667458280364
2024-11-01,US,United States,Aviation,43.16989053831159,43.77563344234566
2024-11-01,US,United States,Banking & Finance,32.58028948788327,33.982186435681264
2024-11-01,US,United States,Childcare,80.20411916145642,80.31756074117273
2024-11-01,US,United States,Civil Engineering,38.450769948670086,37.85152196747192
2024-11-01,US,United States,Cleaning & Sanitation,58.4183098919704,59.180272589154846
2024-11-01,US,United States,Community & Social Service,64.09310901129292,64.07260186698772
2024-11-01,US,United States,Construction,55.8471286026836,56.48239379027734
2024-11-01,US,United States,Customer Service,42.07283271502281,43.066345104258325
2024-11-01,US,United States,Data & Analytics,34.14848762603116,33.835780626791966
2024-11-01,US,United States,Dental,68.98126108971307,68.86505549459257
2024-11-01,US,United States,Driving,66.83285392325486,67.50392110863179
2024-11-01,US,United States,Education & Instruction,51.374155052073014,52.51137480257399
2024-11-01,US,United States,Electrical Engineering,39.606074988134786,39.743241703478105
2024-11-01,US,United States,Food Preparation & Service,37.89998107427995,38.64118128705624
2024-11-01,US,United States,Hospitality & Tourism,47.78158295281583,48.67448225619801
2024-11-01,US,United States,Human Resources,46.702028661827654,47.05528462968249
2024-11-01,US,United States,"IT Infrastructure, Operations & Support",42.22021194107005,42.11820951954202
2024-11-01,US,United States,IT Systems & Solutions,34.72424491863484,35.26632666160711
2024-11-01,US,United States,Industrial Engineering,33.764899940867075,32.77172088339503
2024-11-01,US,United States,Installation & Maintenance,53.376632783639565,53.77784402519229
2024-11-01,US,United States,Insurance,57.16697247706421,58.09150141120211
2024-11-01,US,United States,Legal,59.51044953098863,59.19117074001458
2024-11-01,US,United States,Loading & Stocking,44.41182744365103,46.02345847788319
2024-11-01,US,United States,Logistic Support,46.82809985403645,47.232770804930645
2024-11-01,US,United States,Management,36.004975579290964,36.487520964599014
2024-11-01,US,United States,Marketing,52.96170430461156,53.28644877714109
2024-11-01,US,United States,Mechanical Engineering,34.962385957424104,35.42973038631853
2024-11-01,US,United States,Media & Communications,53.28818581027459,54.21538598869657
2024-11-01,US,United States,Medical Information,34.11041413101145,33.99396338624363
2024-11-01,US,United States,Medical Technician,31.723402885571428,31.59433285914896
2024-11-01,US,United States,Nursing,40.32434533352767,40.16477133256364
2024-11-01,US,United States,Personal Care & Home Health,67.12761496528911,67.74169633137906
2024-11-01,US,United States,Pharmacy,26.73640439217725,30.22806402512064
2024-11-01,US,United States,Physicians & Surgeons,31.129840877715615,31.179534435763973
2024-11-01,US,United States,Production & Manufacturing,48.63683423444151,49.78039543115563
2024-11-01,US,United States,Project Management,40.348503924352414,40.54656421806563
2024-11-01,US,United States,Retail,31.67959855475633,32.343365839603514
2024-11-01,US,United States,Sales,45.308092222963765,45.932002638335206
2024-11-01,US,United States,Scientific Research & Development,30.593243546018073,30.825399294154128
2024-11-01,US,United States,Security & Public Safety,62.85017169709018,61.314164708884086
2024-11-01,US,United States,Social Science,60.10085667416003,60.75968610130004
2024-11-01,US,United States,Software Development,35.833938342216634,36.64825517253508
2024-11-01,US,United States,Therapy,57.2094639813353,57.13789878519206
2024-12-01,US,United States,Accounting,44.1836210769527,43.86593893284572
2024-12-01,US,United States,Administrative Assistance,52.46493321609513,52.711123909569146
2024-12-01,US,United States,Architecture,40.963020030816644,41.55537080865767
2024-12-01,US,United States,Arts & Entertainment,42.700224461531114,43.92732608293387
2024-12-01,US,United States,Aviation,41.795763515649696,43.31054038516428
2024-12-01,US,United States,Banking & Finance,34.273057817381066,33.900941494687466
2024-12-01,US,United States,Childcare,80.90813579355178,80.62144100389577
2024-12-01,US,United States,Civil Engineering,38.68583314761162,38.193988307470306
2024-12-01,US,United States,Cleaning & Sanitation,58.80272443787954,58.887170393986374
2024-12-01,US,United States,Community & Social Service,64.54244752117091,64.24114235317303
2024-12-01,US,United States,Construction,54.88569123184508,55.792506951180684
2024-12-01,US,United States,Customer Service,41.702182256337025,42.308629181203166
2024-12-01,US,United States,Data & Analytics,35.99198396793587,34.48641580651523
2024-12-01,US,United States,Dental,68.6705968375834,68.82930184169031
2024-12-01,US,United States,Driving,67.08135773474542,67.21185899976146
2024-12-01,US,United States,Education & Instruction,51.40614810116405,51.71111827058828
2024-12-01,US,United States,Electrical Engineering,40.03678115214474,39.90648207228984
2024-12-01,US,United States,Food Preparation & Service,37.65742821018929,38.1996495166986
2024-12-01,US,United States,Hospitality & Tourism,47.59040975062144,47.9139830556828
2024-12-01,US,United States,Human Resources,46.124226357276775,47.010351427424816
2024-12-01,US,United States,"IT Infrastructure, Operations & Support",42.684171332432356,42.507301296021005
2024-12-01,US,United States,IT Systems & Solutions,37.19224376731302,35.857300682358876
2024-12-01,US,United States,Industrial Engineering,34.27824688379574,33.52385459722381
2024-12-01,US,United States,Installation & Maintenance,53.48790676133221,53.48439853554063
2024-12-01,US,United States,Insurance,57.29941766418635,56.88879438445817
2024-12-01,US,United States,Legal,60.733522562188504,59.93070751787036
2024-12-01,US,United States,Loading & Stocking,43.73664051734427,44.84981322407602
2024-12-01,US,United States,Logistic Support,49.19941775836973,47.91972701973729
2024-12-01,US,United States,Management,36.64897413102296,36.49933831848554
2024-12-01,US,United States,Marketing,53.530980564080075,53.392217040137126
2024-12-01,US,United States,Mechanical Engineering,36.104446800200854,35.54977714658488
2024-12-01,US,United States,Media & Communications,54.37952014694065,54.04975648334761
2024-12-01,US,United States,Medical Information,34.31813828768435,33.98034155847582
2024-12-01,US,United States,Medical Technician,30.950421797522882,31.31907282796857
2024-12-01,US,United States,Nursing,39.89352483803819,40.00203230793659
2024-12-01,US,United States,Personal Care & Home Health,66.96331895978572,67.18076010829377
2024-12-01,US,United States,Pharmacy,26.832820844796895,28.301050146501463
2024-12-01,US,United States,Physicians & Surgeons,30.681519932343765,31.10352401260806
2024-12-01,US,United States,Production & Manufacturing,48.34810482832311,48.9892049041426
2024-12-01,US,United States,Project Management,41.16346126928138,40.753070639036686
2024-12-01,US,United States,Retail,29.635558601341693,31.07990481193829
2024-12-01,US,United States,Sales,46.24682861392202,45.899439333537316
2024-12-01,US,United States,Scientific Research & Development,31.235266383781234,30.943388519646135
2024-12-01,US,United States,Security & Public Safety,63.02941762401222,62.14352787329215
2024-12-01,US,United States,Social Science,61.04950127005762,60.75987877989436
2024-12-01,US,United States,Software Development,36.98234441732764,36.845085684214915
2024-12-01,US,United States,Therapy,57.25957610419571,57.08927685408053
2025-01-01,US,United States,Accounting,45.92488291191663,44.76320999546005
2025-01-01,US,United States,Administrative Assistance,54.19391910653133,52.881876551656376
2025-01-01,US,United States,Architecture,45.201450167590124,42.44627565379309
2025-01-01,US,United States,Arts & Entertainment,47.50480725208314,44.2551644059803
2025-01-01,US,United States,Aviation,44.76655477570949,43.24406960989029
2025-01-01,US,United States,Banking & Finance,35.558118189734294,34.13715516499954
2025-01-01,US,United States,Childcare,82.02980879037217,81.04735458179346
2025-01-01,US,United States,Civil Engineering,40.58732725668921,39.24131011765698
2025-01-01,US,United States,Cleaning & Sanitation,60.06078477213252,59.093939700660826
2025-01-01,US,United States,Community & Social Service,65.78580731825753,64.80712128357379
2025-01-01,US,United States,Construction,56.394069128994026,55.708962987840884
2025-01-01,US,United States,Customer Service,43.36084418405077,42.37861971847018
2025-01-01,US,United States,Data & Analytics,36.061802706743855,35.40075810023697
2025-01-01,US,United States,Dental,70.63037807109761,69.4274119994647
2025-01-01,US,United States,Driving,69.16405297686713,67.69275487828915
2025-01-01,US,United States,Education & Instruction,53.41882493099427,52.066376028077094
2025-01-01,US,United States,Electrical Engineering,42.50187336080929,40.714909833696254
2025-01-01,US,United States,Food Preparation & Service,38.79160927762771,38.11633952069898
2025-01-01,US,United States,Hospitality & Tourism,48.55432242990654,47.97543837778127
2025-01-01,US,United States,Human Resources,47.62588881412646,46.817381277743635
2025-01-01,US,United States,"IT Infrastructure, Operations & Support",44.538665991646624,43.14768308838302
2025-01-01,US,United States,IT Systems & Solutions,36.96955572975149,36.29534813856643
2025-01-01,US,United States,Industrial Engineering,36.16350217624424,34.73554966696902
2025-01-01,US,United States,Installation & Maintenance,55.24094868103355,54.03516274200175
2025-01-01,US,United States,Insurance,58.003511595581244,57.48996724561059
2025-01-01,US,United States,Legal,62.19451865044029,60.81283024787248
2025-01-01,US,United States,Loading & Stocking,47.614177255025375,45.25421507200688
2025-01-01,US,United States,Logistic Support,50.85699760331178,48.961505071906
2025-01-01,US,United States,Management,38.73882294815451,37.130924219489486
2025-01-01,US,United States,Marketing,52.69026086388716,53.0609819108596
2025-01-01,US,United States,Mechanical Engineering,39.066978027810215,36.71127026181173
2025-01-01,US,United States,Media & Communications,56.221389929255096,54.629698628823455
2025-01-01,US,United States,Medical Information,36.40092207286771,34.943158163854505
2025-01-01,US,United States,Medical Technician,32.49599474181489,31.72327314163641
2025-01-01,US,United States,Nursing,41.76821512987001,40.66202843381196
2025-01-01,US,United States,Personal Care & Home Health,67.57170311404188,67.22087901303892
2025-01-01,US,United States,Pharmacy,29.46772868070042,27.678984639224854
2025-01-01,US,United States,Physicians & Surgeons,32.87211443138366,31.561158413814344
2025-01-01,US,United States,Production & Manufacturing,50.681743718128594,49.22222759363109
2025-01-01,US,United States,Project Management,42.94385628866513,41.48527382743295
2025-01-01,US,United States,Retail,33.84257391117209,31.71924368909005
2025-01-01,US,United States,Sales,48.57804348941941,46.71098810876841
2025-01-01,US,United States,Scientific Research & Development,32.563527653213754,31.46401252767103
2025-01-01,US,United States,Security & Public Safety,61.41141734878141,62.43033555662794
2025-01-01,US,United States,Social Science,62.80959097320169,61.3199829724731
2025-01-01,US,United States,Software Development,38.410180579827035,37.07548777979046
2025-01-01,US,United States,Therapy,58.94849785407725,57.80584597986944
2025-02-01,US,United States,Accounting,44.78645418326693,44.96498605737876
2025-02-01,US,United States,Administrative Assistance,54.30328116868185,53.65404449710277
2025-02-01,US,United States,Architecture,47.065957016775585,44.410142405060775
2025-02-01,US,United States,Arts & Entertainment,49.07469235905752,46.4265746908906
2025-02-01,US,United States,Aviation,46.462076641755445,44.34146497770491
2025-02-01,US,United States,Banking & Finance,37.351271291039254,35.7274824327182
2025-02-01,US,United States,Childcare,81.81396786155747,81.58397081516047
2025-02-01,US,United States,Civil Engineering,41.96793933250741,40.41369991226943
2025-02-01,US,United States,Cleaning & Sanitation,61.676628138638875,60.180045782883646
2025-02-01,US,United States,Community & Social Service,66.21601936044735,65.51475806662528
2025-02-01,US,United States,Construction,56.91122674425624,56.0636623683651
2025-02-01,US,United States,Customer Service,44.65096283227344,43.2379964242204
2025-02-01,US,United States,Data & Analytics,36.7749643504066,36.27625034169545
2025-02-01,US,United States,Dental,71.88442160215293,70.39513217027798
2025-02-01,US,United States,Driving,69.80424513268696,68.68321861476653
2025-02-01,US,United States,Education & Instruction,52.94304844295004,52.58934049170278
2025-02-01,US,United States,Electrical Engineering,43.62447896930656,42.054377827420176
2025-02-01,US,United States,Food Preparation & Service,39.54243030702148,38.66382259827949
2025-02-01,US,United States,Hospitality & Tourism,52.03539823008849,49.39337680353882
2025-02-01,US,United States,Human Resources,47.89457853973983,47.21489790371436
2025-02-01,US,United States,"IT Infrastructure, Operations & Support",45.12472815658181,44.11585516022027
2025-02-01,US,United States,IT Systems & Solutions,37.68966995285041,37.283823149971624
2025-02-01,US,United States,Industrial Engineering,37.15713878958524,35.866295949875074
2025-02-01,US,United States,Installation & Maintenance,56.323349447209395,55.01740162985837
2025-02-01,US,United States,Insurance,58.430965445647345,57.91129823513831
2025-02-01,US,United States,Legal,61.72577651785532,61.55127257682805
2025-02-01,US,United States,Loading & Stocking,50.391582414215684,47.247466728861774
2025-02-01,US,United States,Logistic Support,51.25663168493204,50.43768234887119
2025-02-01,US,United States,Management,39.600850817993226,38.32954929905691
2025-02-01,US,United States,Marketing,55.978270010259514,54.06650381274225
2025-02-01,US,United States,Mechanical Engineering,39.41692857916983,38.19611780239363
2025-02-01,US,United States,Media & Communications,56.21093123898061,55.603947105058786
2025-02-01,US,United States,Medical Information,37.171637055837564,35.96356580546321
2025-02-01,US,United States,Medical Technician,34.36147264488295,32.60262972807359
2025-02-01,US,United States,Nursing,42.7294503352921,41.463730101066766
2025-02-01,US,United States,Personal Care & Home Health,67.73935333860624,67.42479180414462
2025-02-01,US,United States,Pharmacy,29.13939315770806,28.47998089440179
2025-02-01,US,United States,Physicians & Surgeons,33.122160083886754,32.22526481587139
2025-02-01,US,United States,Production & Manufacturing,51.12112646927027,50.05032500524069
2025-02-01,US,United States,Project Management,43.5965591857452,42.567958914563874
2025-02-01,US,United States,Retail,34.7413872406973,32.739839917737044
2025-02-01,US,United States,Sales,49.17518107460549,48.00001772598231
2025-02-01,US,United States,Scientific Research & Development,32.9190108596101,32.239268298868375
2025-02-01,US,United States,Security & Public Safety,61.758610881608,62.06648195146721
2025-02-01,US,United States,Social Science,62.54881932343929,62.135970522232846
2025-02-01,US,United States,Software Development,39.094770495546925,38.16243183090055
2025-02-01,US,United States,Therapy,59.67104528709113,58.626373081788046
2025-03-01,US,United States,Accounting,43.80363776098373,44.83832495205578
2025-03-01,US,United States,Administrative Assistance,53.688102121327205,54.06176746551345
2025-03-01,US,United States,Architecture,46.7986798679868,46.35536235078416
2025-03-01,US,United States,Arts & Entertainment,49.90854087519347,48.82934682877805
2025-03-01,US,United States,Aviation,46.141632264210855,45.79008789389197
2025-03-01,US,United States,Banking & Finance,37.22736923373866,36.71225290483739
2025-03-01,US,United States,Childcare,81.15213665281934,81.66530443491632
2025-03-01,US,United States,Civil Engineering,42.23921436335695,41.59816031751787
2025-03-01,US,United States,Cleaning & Sanitation,62.30747290359384,61.34829527145508
2025-03-01,US,United States,Community & Social Service,66.47707918750785,66.15963528873759
2025-03-01,US,United States,Construction,58.795903797242424,57.367066556830885
2025-03-01,US,United States,Customer Service,44.95523461503884,44.322347210454346
2025-03-01,US,United States,Data & Analytics,37.204401779442755,36.680389612197736
2025-03-01,US,United States,Dental,70.725106039184,71.0799685708115
2025-03-01,US,United States,Driving,68.80137265008274,69.25655691987896
2025-03-01,US,United States,Education & Instruction,52.1481846994743,52.83668602447286
2025-03-01,US,United States,Electrical Engineering,43.7752664461595,43.30053959209175
2025-03-01,US,United States,Food Preparation & Service,40.93114231595506,39.75506063353475
2025-03-01,US,United States,Hospitality & Tourism,51.79832804095652,50.79601623365051
2025-03-01,US,United States,Human Resources,48.5823237483579,48.034263700741406
2025-03-01,US,United States,"IT Infrastructure, Operations & Support",45.57580028186028,45.079731476696246
2025-03-01,US,United States,IT Systems & Solutions,37.88405980472787,37.51442849577658
2025-03-01,US,United States,Industrial Engineering,37.47718201788311,36.93260766123753
2025-03-01,US,United States,Installation & Maintenance,56.835212746347366,56.133170291530085
2025-03-01,US,United States,Insurance,56.82329016375897,57.75258906832918
2025-03-01,US,United States,Legal,61.60928742994396,61.8431941994132
2025-03-01,US,United States,Loading & Stocking,49.99579895477995,49.333852874673674
2025-03-01,US,United States,Logistic Support,50.843136540772846,50.98558860967223
2025-03-01,US,United States,Management,39.2834874558487,39.207720407332154
2025-03-01,US,United States,Marketing,55.32083312719537,54.66312133378069
2025-03-01,US,United States,Mechanical Engineering,39.956884936674754,39.480263847884935
2025-03-01,US,United States,Media & Communications,55.491512876103855,55.97461134811319
2025-03-01,US,United States,Medical Information,37.31816690364213,36.9635753441158
2025-03-01,US,United States,Medical Technician,34.37118849588046,33.74288529419278
2025-03-01,US,United States,Nursing,42.718109815062796,42.40525842674163
2025-03-01,US,United States,Personal Care & Home Health,68.30047504838456,67.87051050034422
2025-03-01,US,United States,Pharmacy,30.230903563805704,29.61267513407139
2025-03-01,US,United States,Physicians & Surgeons,32.96150893102899,32.98526114876647
2025-03-01,US,United States,Production & Manufacturing,52.057053747111794,51.28664131150359
2025-03-01,US,United States,Project Management,43.61044382310085,43.38361976583703
2025-03-01,US,United States,Retail,35.04202935944269,34.541996837104044
2025-03-01,US,United States,Sales,48.047205142321026,48.60014323544865
2025-03-01,US,United States,Scientific Research & Development,33.843181452262115,33.10857332169533
2025-03-01,US,United States,Security & Public Safety,61.809372476490665,61.6598002356267
2025-03-01,US,United States,Social Science,62.495472654835204,62.61796098382538
2025-03-01,US,United States,Software Development,38.67787295943106,38.727608011601696
2025-03-01,US,United States,Therapy,59.38952820983757,59.336357117002
2025-04-01,US,United States,Accounting,50.79269066039669,46.460927534882465
2025-04-01,US,United States,Administrative Assistance,55.75551423467997,54.58229917489633
2025-04-01,US,United States,Architecture,47.40970072239422,47.0914458690522
2025-04-01,US,United States,Arts & Entertainment,48.68299781712345,49.22207701712481
2025-04-01,US,United States,Aviation,43.789808917197455,45.464505941054625
2025-04-01,US,United States,Banking & Finance,36.71648235660997,37.098374293795956
2025-04-01,US,United States,Childcare,80.0236301875646,80.99657823398047
2025-04-01,US,United States,Civil Engineering,43.568659696934105,42.591937797599506
2025-04-01,US,United States,Cleaning & Sanitation,62.89528371667078,62.293128252967826
2025-04-01,US,United States,Community & Social Service,66.09462213165588,66.26257355987036
2025-04-01,US,United States,Construction,59.59732122636932,58.43481725595598
2025-04-01,US,United States,Customer Service,44.71373083262704,44.77330942664644
2025-04-01,US,United States,Data & Analytics,36.098799258602625,36.692721796150664
2025-04-01,US,United States,Dental,70.73457230356169,71.11469998163285
2025-04-01,US,United States,Driving,68.84413817260798,69.14991865179258
2025-04-01,US,United States,Education & Instruction,51.26316125666713,52.11813146636381
2025-04-01,US,United States,Electrical Engineering,43.169853144915486,43.52319952012715
2025-04-01,US,United States,Food Preparation & Service,41.39509199374158,40.6228882055727
2025-04-01,US,United States,Hospitality & Tourism,54.19721050924424,52.67697892676308
2025-04-01,US,United States,Human Resources,47.951393425792844,48.14276523796354
2025-04-01,US,United States,"IT Infrastructure, Operations & Support",44.98609019677905,45.22887287840706
2025-04-01,US,United States,IT Systems & Solutions,37.37738994868241,37.65037323542022
2025-04-01,US,United States,Industrial Engineering,37.656930162134884,37.430416989867744
2025-04-01,US,United States,Installation & Maintenance,56.80853926892206,56.655700487492915
2025-04-01,US,United States,Insurance,55.53285539170164,56.92903700036931
2025-04-01,US,United States,Legal,61.186740736218795,61.50726822800603
2025-04-01,US,United States,Loading & Stocking,48.657708641324305,49.681696670106646
2025-04-01,US,United States,Logistic Support,50.60200668896321,50.9005916382227
2025-04-01,US,United States,Management,39.955794838859546,39.613377704233834
2025-04-01,US,United States,Marketing,55.63781805803762,55.645640398497505
2025-04-01,US,United States,Mechanical Engineering,39.79465888689408,39.72282413424622
2025-04-01,US,United States,Media & Communications,55.67576383603349,55.792735983705995
2025-04-01,US,United States,Medical Information,37.213549524369135,37.23445116128295
2025-04-01,US,United States,Medical Technician,33.71778538536544,34.15014884204297
2025-04-01,US,United States,Nursing,42.16678748209632,42.53811587748373
2025-04-01,US,United States,Personal Care & Home Health,67.78643717219472,67.9420885197285
2025-04-01,US,United States,Pharmacy,28.553513085376718,29.307936602296824
2025-04-01,US,United States,Physicians & Surgeons,32.342082202014105,32.808583738976616
2025-04-01,US,United States,Production & Manufacturing,52.419837162383075,51.86600579292175
2025-04-01,US,United States,Project Management,43.027662759802006,43.41155525621599
2025-04-01,US,United States,Retail,35.660200456904406,35.14787235234815
2025-04-01,US,United States,Sales,46.70224914104041,47.974878452655645
2025-04-01,US,United States,Scientific Research & Development,33.89396302071731,33.55205177752985
2025-04-01,US,United States,Security & Public Safety,61.96529122789015,61.844424861996266
2025-04-01,US,United States,Social Science,60.864758629161045,61.96968353581182
2025-04-01,US,United States,Software Development,38.108185593134124,38.626943016037394
2025-04-01,US,United States,Therapy,59.06352732758901,59.374700274839256
2025-05-01,US,United States,Accounting,51.63460871460991,48.743645711996784
2025-05-01,US,United States,Administrative Assistance,55.68557774782502,55.04306470127739
2025-05-01,US,United States,Architecture,48.90316062923943,47.703847073206816
2025-05-01,US,United States,Arts & Entertainment,49.02919890192164,49.206912531412854
2025-05-01,US,United States,Aviation,44.428341384863124,44.78659418875719
2025-05-01,US,United States,Banking & Finance,36.23277471813175,36.72554210282679
2025-05-01,US,United States,Childcare,78.71136657738722,79.96237780592374
2025-05-01,US,United States,Civil Engineering,43.5586319218241,43.122168660705064
2025-05-01,US,United States,Cleaning & Sanitation,62.09987923563259,62.43421195196573
2025-05-01,US,United States,Community & Social Service,65.86244719418882,66.14471617111751
2025-05-01,US,United States,Construction,59.47900367911363,59.29074290090845
2025-05-01,US,United States,Customer Service,45.52066046913285,45.063208638932906
2025-05-01,US,United States,Data & Analytics,36.572093216466584,36.625098084837326
2025-05-01,US,United States,Dental,70.10778866353837,70.52248900209467
2025-05-01,US,United States,Driving,67.63382641817631,68.42644574695568
2025-05-01,US,United States,Education & Instruction,49.60061591762101,51.003987291254134
2025-05-01,US,United States,Electrical Engineering,42.62661843107388,43.19057934071626
2025-05-01,US,United States,Food Preparation & Service,42.32574737138377,41.550660560360136
2025-05-01,US,United States,Hospitality & Tourism,53.761687685089676,53.25240874509681
2025-05-01,US,United States,Human Resources,49.06706148093313,48.533592885027964
2025-05-01,US,United States,"IT Infrastructure, Operations & Support",44.394446859100555,44.98544577924664
2025-05-01,US,United States,IT Systems & Solutions,37.56398506828799,37.608478273899415
2025-05-01,US,United States,Industrial Engineering,38.08966368209574,37.74125862070457
2025-05-01,US,United States,Installation & Maintenance,57.056873226475936,56.900208413915095
2025-05-01,US,United States,Insurance,54.88185130921522,55.745998954891945
2025-05-01,US,United States,Legal,61.32193708779356,61.372655084652116
2025-05-01,US,United States,Loading & Stocking,47.59816604520204,48.75055788043543
2025-05-01,US,United States,Logistic Support,51.34923300862165,50.93145874611924
2025-05-01,US,United States,Management,40.354514553637244,39.8645989494485
2025-05-01,US,United States,Marketing,54.19806867308233,55.05223995277178
2025-05-01,US,United States,Mechanical Engineering,41.16314627102328,40.30489669819736
2025-05-01,US,United States,Media & Communications,55.03889369057908,55.402056800905484
2025-05-01,US,United States,Medical Information,37.60999421928191,37.380570215764394
2025-05-01,US,United States,Medical Technician,33.80908887495002,33.96602091873199
2025-05-01,US,United States,Nursing,43.40443956035422,42.76311228583777
2025-05-01,US,United States,Personal Care & Home Health,67.33655298992389,67.80782173683438
2025-05-01,US,United States,Pharmacy,28.60285667378099,29.12909110765447
2025-05-01,US,United States,Physicians & Surgeons,33.516617265919216,32.94006946632077
2025-05-01,US,United States,Production & Manufacturing,53.17968416559966,52.552191691698205
2025-05-01,US,United States,Project Management,43.723993982190535,43.45403352169777
2025-05-01,US,United States,Retail,37.11282302458554,35.93835094697757
2025-05-01,US,United States,Sales,48.274845486160935,47.67476658984079
2025-05-01,US,United States,Scientific Research & Development,34.01323042998897,33.916791634322806
2025-05-01,US,United States,Security & Public Safety,62.30903589264189,62.02789986567422
2025-05-01,US,United States,Social Science,61.376118481950016,61.57878325531539
2025-05-01,US,United States,Software Development,38.660546630502814,38.48220172768936
2025-05-01,US,United States,Therapy,59.9712326730448,59.47476273682381
2025-06-01,US,United States,Accounting,51.8457701101642,51.42435649505694
2025-06-01,US,United States,Administrative Assistance,55.382166281068926,55.607752754524626
2025-06-01,US,United States,Architecture,48.77647058823529,48.36311064662298
2025-06-01,US,United States,Arts & Entertainment,48.9875099654531,48.89990222816607
2025-06-01,US,United States,Aviation,44.67558197127291,44.29791075777788
2025-06-01,US,United States,Banking & Finance,37.06739526411658,36.67221744628609
2025-06-01,US,United States,Childcare,77.90482076637825,78.87993917711005
2025-06-01,US,United States,Civil Engineering,43.364427019963045,43.49723954624043
2025-06-01,US,United States,Cleaning & Sanitation,62.730783860490966,62.57531560426477
2025-06-01,US,United States,Community & Social Service,64.78951132300358,65.58219354961608
2025-06-01,US,United States,Construction,60.47850987528769,59.851611593590206
2025-06-01,US,United States,Customer Service,42.54188508582588,44.258758795861915
2025-06-01,US,United States,Data & Analytics,37.618025751072956,36.762972742047396
2025-06-01,US,United States,Dental,70.48899653401261,70.4437858337042
2025-06-01,US,United States,Driving,66.79695658660302,67.75830705912911
2025-06-01,US,United States,Education & Instruction,48.01459708627362,49.62612475352057
2025-06-01,US,United States,Electrical Engineering,44.67893127475062,43.49180095024664
2025-06-01,US,United States,Food Preparation & Service,40.109223401971086,41.27668758903214
2025-06-01,US,United States,Hospitality & Tourism,52.62404238562326,53.527646859985715
2025-06-01,US,United States,Human Resources,49.63666852990497,48.88504114554365
2025-06-01,US,United States,"IT Infrastructure, Operations & Support",44.88542278724427,44.75531994770796
2025-06-01,US,United States,IT Systems & Solutions,39.11027019543598,38.01721507080212
2025-06-01,US,United States,Industrial Engineering,39.05133203378817,38.26597529267293
2025-06-01,US,United States,Installation & Maintenance,56.91583583193168,56.92708277577653
2025-06-01,US,United States,Insurance,58.596015516137534,56.3369074056848
2025-06-01,US,United States,Legal,61.8968850698174,61.468520964609944
2025-06-01,US,United States,Loading & Stocking,47.856553998351195,48.03747622829251
2025-06-01,US,United States,Logistic Support,52.27327399566995,51.40817123108494
2025-06-01,US,United States,Management,39.154905633962436,39.82173834215308
2025-06-01,US,United States,Marketing,56.814598698874654,55.5501618099982
2025-06-01,US,United States,Mechanical Engineering,41.25243233681231,40.73674583157655
2025-06-01,US,United States,Media & Communications,55.32674681585525,55.347134780822614
2025-06-01,US,United States,Medical Information,37.51861457374718,37.44738610579941
2025-06-01,US,United States,Medical Technician,33.74500269304587,33.757292317787126
2025-06-01,US,United States,Nursing,42.75288755162531,42.774704864691934
2025-06-01,US,United States,Personal Care & Home Health,67.60912939802424,67.57737318671427
2025-06-01,US,United States,Pharmacy,29.776362067821356,28.977577275659684
2025-06-01,US,United States,Physicians & Surgeons,33.574342668815426,33.14434737891625
2025-06-01,US,United States,Production & Manufacturing,53.13357335288641,52.911031560289736
2025-06-01,US,United States,Project Management,44.42020927779203,43.72395533992816
2025-06-01,US,United States,Retail,33.8189673120966,35.53066359786221
2025-06-01,US,United States,Sales,48.81625115420129,47.93111526046755
2025-06-01,US,United States,Scientific Research & Development,33.561434594000126,33.82287601490214
2025-06-01,US,United States,Security & Public Safety,61.711671070438875,61.99533273032363
2025-06-01,US,United States,Social Science,62.391152354922774,61.544009822011255
2025-06-01,US,United States,Software Development,40.14805481178138,38.97226234513946
2025-06-01,US,United States,Therapy,60.04511711133868,59.693292370657524
2025-07-01,US,United States,Accounting,48.12434030980478,50.53490637819297
2025-07-01,US,United States,Administrative Assistance,56.32051130710467,55.79608511199953
2025-07-01,US,United States,Architecture,50.36116504854369,49.346932088672794
2025-07-01,US,United States,Arts & Entertainment,48.55749486652978,48.85806791130151
2025-07-01,US,United States,Aviation,44.31098847589677,44.471637277344314
2025-07-01,US,United States,Banking & Finance,38.262392629204854,37.18752087048439
2025-07-01,US,United States,Childcare,79.83605611037349,78.81741448471301
2025-07-01,US,United States,Civil Engineering,44.733396541604584,43.88548516113059
2025-07-01,US,United States,Cleaning & Sanitation,62.80210703929784,62.54425671180713
2025-07-01,US,United States,Community & Social Service,65.82449644262644,65.49215165327293
2025-07-01,US,United States,Construction,60.522449679903055,60.159987744768124
2025-07-01,US,United States,Customer Service,42.21108276517129,43.42454277337666
2025-07-01,US,United States,Data & Analytics,37.4715741598585,37.220564375799356
2025-07-01,US,United States,Dental,70.22337619518628,70.27338713091238
2025-07-01,US,United States,Driving,65.61525708672576,66.68201336383504
2025-07-01,US,United States,Education & Instruction,51.845523794536305,49.820245599476955
2025-07-01,US,United States,Electrical Engineering,45.45046617141148,44.25200529241197
2025-07-01,US,United States,Food Preparation & Service,40.354003364939416,40.9296580460981
2025-07-01,US,United States,Hospitality & Tourism,52.61035801181787,52.998696027510256
2025-07-01,US,United States,Human Resources,49.91385626868923,49.53919542650912
2025-07-01,US,United States,"IT Infrastructure, Operations & Support",45.335515548281506,44.87179506487544
2025-07-01,US,United States,IT Systems & Solutions,39.366713389553986,38.68032288442598
2025-07-01,US,United States,Industrial Engineering,40.022201906751995,39.0543992075453
2025-07-01,US,United States,Installation & Maintenance,56.99966297258183,56.990790676996454
2025-07-01,US,United States,Insurance,59.672554933218436,57.71680725285706
2025-07-01,US,United States,Legal,62.103287573016175,61.774036576875744
2025-07-01,US,United States,Loading & Stocking,48.24867237300856,47.90113080552059
2025-07-01,US,United States,Logistic Support,52.52276832033201,52.04842510820788
2025-07-01,US,United States,Management,39.23586091863488,39.58176036874486
2025-07-01,US,United States,Marketing,57.531459844816105,56.181375738924366
2025-07-01,US,United States,Mechanical Engineering,41.869300911854104,41.428293173229896
2025-07-01,US,United States,Media & Communications,56.99037620297462,55.78533890313633
2025-07-01,US,United States,Medical Information,38.02499588883407,37.71786822728772
2025-07-01,US,United States,Medical Technician,34.03188071017132,33.861990759389094
2025-07-01,US,United States,Nursing,43.34204809665148,43.16645840287699
2025-07-01,US,United States,Personal Care & Home Health,67.2747214685678,67.4068012855053
2025-07-01,US,United States,Pharmacy,28.3730462178448,28.917421653149045
2025-07-01,US,United States,Physicians & Surgeons,34.38222911907122,33.824396351268625
2025-07-01,US,United States,Production & Manufacturing,52.40923460101542,52.90749737316719
2025-07-01,US,United States,Project Management,44.79129931867233,44.31183419288493
2025-07-01,US,United States,Retail,35.419895786494564,35.45056204105892
2025-07-01,US,United States,Sales,50.499411330546195,49.196835990302816
2025-07-01,US,United States,Scientific Research & Development,34.56934127325189,34.04800209908034
2025-07-01,US,United States,Security & Public Safety,61.82813340858677,61.949613457222505
2025-07-01,US,United States,Social Science,63.69337514177064,62.486881992881116
2025-07-01,US,United States,Software Development,40.958389582242795,39.922330341509024
2025-07-01,US,United States,Therapy,61.21593365701528,60.410761147132945
2025-08-01,US,United States,Accounting,46.619419111452956,48.863176510474
2025-08-01,US,United States,Administrative Assistance,56.75763469075231,56.153437426308635
2025-08-01,US,United States,Architecture,51.059288537549406,50.06564139144279
2025-08-01,US,United States,Arts & Entertainment,48.491677336747756,48.67889405624356
2025-08-01,US,United States,Aviation,45.29058116232465,44.75905053649816
2025-08-01,US,United States,Banking & Finance,37.40287535476667,37.577554416029365
2025-08-01,US,United States,Childcare,81.46037557576473,79.73375081750551
2025-08-01,US,United States,Civil Engineering,44.047671208868245,44.04849825681197
2025-08-01,US,United States,Cleaning & Sanitation,62.28711527516309,62.60666872498396
2025-08-01,US,United States,Community & Social Service,66.6977446279524,65.77058413119413
2025-08-01,US,United States,Construction,60.03811609615365,60.34635855044812
2025-08-01,US,United States,Customer Service,43.667433020194174,42.8068002903971
2025-08-01,US,United States,Data & Analytics,36.669800138962685,37.25313334996472
2025-08-01,US,United States,Dental,70.95523514125242,70.5558692901504
2025-08-01,US,United States,Driving,64.99572622004322,65.80264663112402
2025-08-01,US,United States,Education & Instruction,55.15248148056593,51.670867453791935
2025-08-01,US,United States,Electrical Engineering,43.53099084415896,44.553462763440336
2025-08-01,US,United States,Food Preparation & Service,41.716565856816295,40.72659754124227
2025-08-01,US,United States,Hospitality & Tourism,52.441700960219485,52.55870045255353
2025-08-01,US,United States,Human Resources,49.60856460641171,49.719696468335314
2025-08-01,US,United States,"IT Infrastructure, Operations & Support",44.515723599801,44.912220645108924
2025-08-01,US,United States,IT Systems & Solutions,39.58524829055038,39.354077291846785
2025-08-01,US,United States,Industrial Engineering,40.26146687347663,39.77833360467227
2025-08-01,US,United States,Installation & Maintenance,56.80522290499368,56.90690723650237
2025-08-01,US,United States,Insurance,57.627885921231325,58.632152123529096
2025-08-01,US,United States,Legal,62.404921935905264,62.135031526246316
2025-08-01,US,United States,Loading & Stocking,48.711742441941965,48.27232293776723
2025-08-01,US,United States,Logistic Support,48.51705188298045,51.104364732994135
2025-08-01,US,United States,Management,39.7509991710082,39.380588574535174
2025-08-01,US,United States,Marketing,54.98959452201934,56.44521768857003
2025-08-01,US,United States,Mechanical Engineering,41.70499158721256,41.60890827862632
2025-08-01,US,United States,Media & Communications,58.02080951292019,56.7793108439167
2025-08-01,US,United States,Medical Information,38.29627779165626,37.94662941807917
2025-08-01,US,United States,Medical Technician,34.84158874178317,34.206157381666806
2025-08-01,US,United States,Nursing,43.636827237555636,43.24392096194413
2025-08-01,US,United States,Personal Care & Home Health,68.26506452548733,67.7163051306931
2025-08-01,US,United States,Pharmacy,32.40895772289661,30.18612200285425
2025-08-01,US,United States,Physicians & Surgeons,33.92518356529421,33.96058511772696
2025-08-01,US,United States,Production & Manufacturing,52.55421266889484,52.699006874265585
2025-08-01,US,United States,Project Management,44.95996198834496,44.72382352826974
2025-08-01,US,United States,Retail,36.87653088500837,35.3717979945332
2025-08-01,US,United States,Sales,50.7779438489128,50.031202111220104
2025-08-01,US,United States,Scientific Research & Development,35.98910559433992,34.70662715386399
2025-08-01,US,United States,Security & Public Safety,62.74387326564245,62.09455924822269
2025-08-01,US,United States,Social Science,64.23362638860493,63.439384628432755
2025-08-01,US,United States,Software Development,40.47014431588548,40.52552956996991
2025-08-01,US,United States,Therapy,61.89088519625594,61.050645321536656
2025-09-01,US,United States,Accounting,47.817309433279014,47.5203562848456
2025-09-01,US,United States,Administrative Assistance,57.04261179236181,56.70691926340626
2025-09-01,US,United States,Architecture,51.50707070707071,50.97584143105459
2025-09-01,US,United States,Arts & Entertainment,49.01568586166965,48.68828602164907
2025-09-01,US,United States,Aviation,47.56774953711496,45.723106391778835
2025-09-01,US,United States,Banking & Finance,38.21175783815338,37.95900860737496
2025-09-01,US,United States,Childcare,81.95323516872725,81.08322228495518
2025-09-01,US,United States,Civil Engineering,43.72926629615269,44.170111348875174
2025-09-01,US,United States,Cleaning & Sanitation,62.12633357980353,62.40518529808815
2025-09-01,US,United States,Community & Social Service,67.14028094646635,66.55417400568172
2025-09-01,US,United States,Construction,59.477843573205355,60.01280311642068
2025-09-01,US,United States,Customer Service,45.313883201451155,43.73079966227218
2025-09-01,US,United States,Data & Analytics,36.81755715654021,36.98631048512047
2025-09-01,US,United States,Dental,70.67654428586992,70.61838520743616
2025-09-01,US,United States,Driving,65.60388233735259,65.40495521470721
2025-09-01,US,United States,Education & Instruction,56.347925128605794,54.448643467902656
2025-09-01,US,United States,Electrical Engineering,43.824445213265456,44.26863407627861
2025-09-01,US,United States,Food Preparation & Service,41.38183901263198,41.1508027447959
2025-09-01,US,United States,Hospitality & Tourism,54.11811392907392,53.056724300370426
2025-09-01,US,United States,Human Resources,49.70762592249062,49.74334893253053
2025-09-01,US,United States,"IT Infrastructure, Operations & Support",46.667219595808795,45.506152914630434
2025-09-01,US,United States,IT Systems & Solutions,40.964331358196816,39.97209767943374
2025-09-01,US,United States,Industrial Engineering,40.69562429876583,40.32643102633149
2025-09-01,US,United States,Installation & Maintenance,56.95504539438353,56.919977090652985
2025-09-01,US,United States,Insurance,55.7822833275322,57.69424139399399
2025-09-01,US,United States,Legal,63.613065763183045,62.7070917573682
2025-09-01,US,United States,Loading & Stocking,48.521668299021556,48.49402770465735
2025-09-01,US,United States,Logistic Support,49.06701281843258,50.03561100724835
2025-09-01,US,United States,Management,41.57954048567884,40.18880019177397
2025-09-01,US,United States,Marketing,56.53749800117265,56.35285078933603
2025-09-01,US,United States,Mechanical Engineering,41.547571599385066,41.707288032817246
2025-09-01,US,United States,Media & Communications,59.215959983714306,58.07571523320305
2025-09-01,US,United States,Medical Information,38.45802069748141,38.25976479265724
2025-09-01,US,United States,Medical Technician,34.39918186466678,34.42421710554044
2025-09-01,US,United States,Nursing,43.09858403557044,43.35915312325917
2025-09-01,US,United States,Personal Care & Home Health,67.71918919181422,67.75299172862312
2025-09-01,US,United States,Pharmacy,33.23693073656465,31.339644892435356
2025-09-01,US,United States,Physicians & Surgeons,34.262640960349216,34.19001788157155
2025-09-01,US,United States,Production & Manufacturing,52.46753880699014,52.47699535896683
2025-09-01,US,United States,Project Management,45.70629610078327,45.15251913593349
2025-09-01,US,United States,Retail,38.241784098180496,36.84607025656116
2025-09-01,US,United States,Sales,49.88760806117669,50.38832108021191
2025-09-01,US,United States,Scientific Research & Development,36.01026298909558,35.52290328556248
2025-09-01,US,United States,Security & Public Safety,62.69879112557148,62.42359926660023
2025-09-01,US,United States,Social Science,63.10726310726311,63.67808821254621
2025-09-01,US,United States,Software Development,40.94619217611186,40.791575358080074
2025-09-01,US,United States,Therapy,62.14305690482499,61.749958586032086
2025-10-01,US,United States,Accounting,48.52638069232802,47.65436974568667
2025-10-01,US,United States,Administrative Assistance,57.436454732725814,57.07890040527999
2025-10-01,US,United States,Architecture,49.685534591194966,50.75063127860502
2025-10-01,US,United States,Arts & Entertainment,49.47352736664349,48.99363018835364
2025-10-01,US,United States,Aviation,47.302341364099085,46.720224021179604
2025-10-01,US,United States,Banking & Finance,39.19476109628911,38.26979809640305
2025-10-01,US,United States,Childcare,82.21723152307064,81.87694742252091
2025-10-01,US,United States,Civil Engineering,43.067760609720544,43.6148993715805
2025-10-01,US,United States,Cleaning & Sanitation,62.83993401837195,62.41779429111286
2025-10-01,US,United States,Community & Social Service,68.07843867324459,67.30548808255443
2025-10-01,US,United States,Construction,58.724040990296544,59.41333355321851
2025-10-01,US,United States,Customer Service,44.706206628186,44.562507616610425
2025-10-01,US,United States,Data & Analytics,38.35977710664001,37.28237813404763
2025-10-01,US,United States,Dental,70.51883124097323,70.71687022269849
2025-10-01,US,United States,Driving,65.5381730673683,65.37926054158805
2025-10-01,US,United States,Education & Instruction,55.16321451742536,55.55454037553235
2025-10-01,US,United States,Electrical Engineering,45.04854368932038,44.13465991558158
2025-10-01,US,United States,Food Preparation & Service,43.59136686459425,42.229923911347505
2025-10-01,US,United States,Hospitality & Tourism,54.71595836947094,53.758591086254775
2025-10-01,US,United States,Human Resources,50.324974924774324,49.8803884845589
2025-10-01,US,United States,"IT Infrastructure, Operations & Support",47.44912261030442,46.210688601971405
2025-10-01,US,United States,IT Systems & Solutions,42.037353030550946,40.86231089309939
2025-10-01,US,United States,Industrial Engineering,41.1841104916371,40.713733887959854
2025-10-01,US,United States,Installation & Maintenance,57.49146601223436,57.083911437203824
2025-10-01,US,United States,Insurance,56.070669500531345,56.49361291643163
2025-10-01,US,United States,Legal,64.17328768598067,63.397091795023016
2025-10-01,US,United States,Loading & Stocking,48.05475714912067,48.429389296694715
2025-10-01,US,United States,Logistic Support,50.42684606003384,49.33697025381562
2025-10-01,US,United States,Management,43.37270811399762,41.56774925689489
2025-10-01,US,United States,Marketing,55.934445894929965,55.82051280604065
2025-10-01,US,United States,Mechanical Engineering,41.63837476727631,41.63031265129131
2025-10-01,US,United States,Media & Communications,60.18160515524311,59.13945821729254
2025-10-01,US,United States,Medical Information,39.404954227248254,38.71975090546197
2025-10-01,US,United States,Medical Technician,34.464434512536926,34.568401706328984
2025-10-01,US,United States,Nursing,43.874765766896154,43.536725680007386
2025-10-01,US,United States,Personal Care & Home Health,68.31216791649395,68.09880721126517
2025-10-01,US,United States,Pharmacy,34.66050740577798,33.43546528841308
2025-10-01,US,United States,Physicians & Surgeons,32.68017951952128,33.622668015054906
2025-10-01,US,United States,Production & Manufacturing,52.93337616235494,52.651709212746674
2025-10-01,US,United States,Project Management,46.21343588177312,45.62656465696708
2025-10-01,US,United States,Retail,38.074953733151816,37.73108957211358
2025-10-01,US,United States,Sales,49.50763754187974,50.05772981732309
2025-10-01,US,United States,Scientific Research & Development,38.10072929003304,36.70003262448952
2025-10-01,US,United States,Security & Public Safety,63.298195108872044,62.913619833361984
2025-10-01,US,United States,Social Science,63.34044456678824,63.56044468755207
2025-10-01,US,United States,Software Development,41.929033158163975,41.11512321672046
2025-10-01,US,United States,Therapy,63.16511889152571,62.39968699753556
2025-11-01,US,United States,Accounting,48.212532761496306,48.185407629034465
2025-11-01,US,United States,Administrative Assistance,55.98534379558859,56.82147010689207
2025-11-01,US,United States,Architecture,48.309989096703845,49.8341981316565
2025-11-01,US,United States,Arts & Entertainment,49.41468414522307,49.30129912451208
2025-11-01,US,United States,Aviation,46.838539706435824,47.23621020254999
2025-11-01,US,United States,Banking & Finance,40.34791776489193,39.251478899778135
2025-11-01,US,United States,Childcare,82.20795989670363,82.12614219616722
2025-11-01,US,United States,Civil Engineering,42.953109707269334,43.25004553771419
2025-11-01,US,United States,Cleaning & Sanitation,63.32871372888697,62.76499377568748
2025-11-01,US,United States,Community & Social Service,68.58751020178426,67.93540994049839
2025-11-01,US,United States,Construction,58.559080714663715,58.92032175938852
2025-11-01,US,United States,Customer Service,43.515234062712814,44.5117746307833
2025-11-01,US,United States,Data & Analytics,37.695503991783,37.62427941832107
2025-11-01,US,United States,Dental,71.78925640638373,70.9948773110756
2025-11-01,US,United States,Driving,65.31815497481743,65.48673679317946
2025-11-01,US,United States,Education & Instruction,54.49217935349322,55.3344396665081
2025-11-01,US,United States,Electrical Engineering,43.54770467526973,44.1402311926185
2025-11-01,US,United States,Food Preparation & Service,42.30843549391331,42.42721379037985
2025-11-01,US,United States,Hospitality & Tourism,55.46126803248879,54.765113443677876
2025-11-01,US,United States,Human Resources,50.67869282207362,50.23709788977954
2025-11-01,US,United States,"IT Infrastructure, Operations & Support",46.307542242220194,46.807961482777806
2025-11-01,US,United States,IT Systems & Solutions,41.53885810027065,41.51351416300615
2025-11-01,US,United States,Industrial Engineering,40.65181855333061,40.84385111457785
2025-11-01,US,United States,Installation & Maintenance,56.94099894227394,57.129170116297246
2025-11-01,US,United States,Insurance,56.180042867349364,56.01099856513764
2025-11-01,US,United States,Legal,64.1043958660761,63.96358310507997
2025-11-01,US,United States,Loading & Stocking,47.310046893711316,47.962157447284504
2025-11-01,US,United States,Logistic Support,50.93014179784051,50.141333558768984
2025-11-01,US,United States,Management,42.732692663663855,42.56164708778011
2025-11-01,US,United States,Marketing,55.480305153355125,55.984083016485904
2025-11-01,US,United States,Mechanical Engineering,41.685028412385485,41.62365825968229
2025-11-01,US,United States,Media & Communications,59.11857958148383,59.50538157348043
2025-11-01,US,United States,Medical Information,39.235020250577236,39.03266505843563
2025-11-01,US,United States,Medical Technician,34.45305053918733,34.43888897213037
2025-11-01,US,United States,Nursing,43.99904739651671,43.65746573299441
2025-11-01,US,United States,Personal Care & Home Health,68.03379027770752,68.02171579533855
2025-11-01,US,United States,Pharmacy,28.42294551339687,32.10679455191316
2025-11-01,US,United States,Physicians & Surgeons,33.41628711399102,33.45303586462051
2025-11-01,US,United States,Production & Manufacturing,52.2735353006119,52.558150089985695
2025-11-01,US,United States,Project Management,45.74284987353518,45.88752728536383
2025-11-01,US,United States,Retail,37.538290879996936,37.95167623710976
2025-11-01,US,United States,Sales,49.629812364056455,49.67501932237098
2025-11-01,US,United States,Scientific Research & Development,37.478629556178625,37.19654061176909
2025-11-01,US,United States,Security & Public Safety,62.90693901515737,62.967975083200294
2025-11-01,US,United States,Social Science,61.69850436842884,62.71540401416004
2025-11-01,US,United States,Software Development,41.130820399113084,41.33534857779633
2025-11-01,US,United States,Therapy,63.81258820208863,63.04025466614646
2025-12-01,US,United States,Accounting,48.597971371694,48.445628275172794
2025-12-01,US,United States,Administrative Assistance,55.51897512917808,56.31359121916416
2025-12-01,US,United States,Architecture,46.56661356585898,48.18737908458592
2025-12-01,US,United States,Arts & Entertainment,49.12761436080975,49.33860862422545
2025-12-01,US,United States,Aviation,45.657475145376104,46.599452071970376
2025-12-01,US,United States,Banking & Finance,40.860527846829214,40.13440223600341
2025-12-01,US,United States,Childcare,81.18142819179226,81.86887320385556
2025-12-01,US,United States,Civil Engineering,42.195036393931424,42.73863557030711
2025-12-01,US,United States,Cleaning & Sanitation,63.9714430885557,63.38003027860486
2025-12-01,US,United States,Community & Social Service,69.07809416408233,68.58134767970371
2025-12-01,US,United States,Construction,56.851146684412235,58.04475612979082
2025-12-01,US,United States,Customer Service,42.68722571181849,43.636222134239084
2025-12-01,US,United States,Data & Analytics,38.83059900801221,38.29529336881174
2025-12-01,US,United States,Dental,72.10053320649861,71.4695402846185
2025-12-01,US,United States,Driving,64.34568123599104,65.06733642605893
2025-12-01,US,United States,Education & Instruction,54.53309323435376,54.72949570175743
2025-12-01,US,United States,Electrical Engineering,42.81826118214964,43.80483651557989
2025-12-01,US,United States,Food Preparation & Service,41.56549954844433,42.48843396898397
2025-12-01,US,United States,Hospitality & Tourism,55.669179058871464,55.28213515361039
2025-12-01,US,United States,Human Resources,50.36888748931576,50.45751841205459
2025-12-01,US,United States,"IT Infrastructure, Operations & Support",46.66927261474315,46.808645822422584
2025-12-01,US,United States,IT Systems & Solutions,41.272812353766966,41.61634116152954
2025-12-01,US,United States,Industrial Engineering,40.36226930963773,40.73273278486848
2025-12-01,US,United States,Installation & Maintenance,56.95205689267587,57.12817394906136
2025-12-01,US,United States,Insurance,56.15896505188701,56.136559139922575
2025-12-01,US,United States,Legal,63.47505444466442,63.91757933224043
2025-12-01,US,United States,Loading & Stocking,46.55383431828513,47.30621278703902
2025-12-01,US,United States,Logistic Support,50.69707912419435,50.684688994022906
2025-12-01,US,United States,Management,42.62056590961682,42.908655562426105
2025-12-01,US,United States,Marketing,53.13802730714805,54.85092611847771
2025-12-01,US,United States,Mechanical Engineering,41.51276789785682,41.61205702583954
2025-12-01,US,United States,Media & Communications,58.9817906874173,59.427325141381424
2025-12-01,US,United States,Medical Information,38.868254739912494,39.16940973924599
2025-12-01,US,United States,Medical Technician,33.90945957677251,34.27564820949895
2025-12-01,US,United States,Nursing,43.93853448848907,43.93744921730062
2025-12-01,US,United States,Personal Care & Home Health,68.78938575322658,68.378447982476
2025-12-01,US,United States,Pharmacy,28.794603230960412,30.62601871671174
2025-12-01,US,United States,Physicians & Surgeons,32.99426267638393,33.030243103298744
2025-12-01,US,United States,Production & Manufacturing,51.205940517274804,52.13761732674724
2025-12-01,US,United States,Project Management,45.54814108674928,45.834808947352506
2025-12-01,US,United States,Retail,37.65717098873026,37.75680520062635
2025-12-01,US,United States,Sales,50.21150115391233,49.782983686616184
2025-12-01,US,United States,Scientific Research & Development,36.96529178549072,37.51488354390081
2025-12-01,US,United States,Security & Public Safety,62.11240767861923,62.772513934216214
2025-12-01,US,United States,Social Science,61.39249639249639,62.1438151092378
2025-12-01,US,United States,Software Development,40.71240853092607,41.25742069606773
2025-12-01,US,United States,Therapy,64.38233307621047,63.78668005660828
2026-01-01,US,United States,Accounting,47.832239804451305,48.214247979213894
2026-01-01,US,United States,Administrative Assistance,55.86135078845582,55.78855657107417
2026-01-01,US,United States,Architecture,47.448631435286984,47.441744699283255
2026-01-01,US,United States,Arts & Entertainment,50.309487569761544,49.61726202526481
2026-01-01,US,United States,Aviation,43.91327527990048,45.46976337723751
2026-01-01,US,United States,Banking & Finance,39.91621783363256,40.37488781511789
2026-01-01,US,United States,Childcare,82.01245348365941,81.80061385738516
2026-01-01,US,United States,Civil Engineering,42.54590591961649,42.56468400693908
2026-01-01,US,United States,Cleaning & Sanitation,63.07320151451409,63.45778611065225
2026-01-01,US,United States,Community & Social Service,68.65407075895857,68.77322504160838
2026-01-01,US,United States,Construction,56.196365471983846,57.202197623686594
2026-01-01,US,United States,Customer Service,43.870103035210676,43.357520936580634
2026-01-01,US,United States,Data & Analytics,39.550043003938256,38.69204866791116
2026-01-01,US,United States,Dental,73.66927389769502,72.51968783685909
2026-01-01,US,United States,Driving,61.94380986314002,63.86921535798283
2026-01-01,US,United States,Education & Instruction,53.65069745260899,54.22532334681864
2026-01-01,US,United States,Electrical Engineering,44.75422576258015,43.70673053999982
2026-01-01,US,United States,Food Preparation & Service,41.73189028724502,41.86860844320089
2026-01-01,US,United States,Hospitality & Tourism,55.47010759049063,55.53351822728362
2026-01-01,US,United States,Human Resources,50.30304238606005,50.4502075658165
2026-01-01,US,United States,"IT Infrastructure, Operations & Support",45.706953591194385,46.22792281605257
2026-01-01,US,United States,IT Systems & Solutions,40.697502221344656,41.169724225127446
2026-01-01,US,United States,Industrial Engineering,40.285831986564,40.433306616510784
2026-01-01,US,United States,Installation & Maintenance,55.885731453009576,56.59292909598644
2026-01-01,US,United States,Insurance,55.561721017585796,55.96690964560739
2026-01-01,US,United States,Legal,62.16749652357242,63.24898227810436
2026-01-01,US,United States,Loading & Stocking,46.489494653863,46.78445862195314
2026-01-01,US,United States,Logistic Support,50.11969827002123,50.582306397352035
2026-01-01,US,United States,Management,42.93915416098226,42.764137578087656
2026-01-01,US,United States,Marketing,54.98131109833238,54.53321451961185
2026-01-01,US,United States,Mechanical Engineering,41.96641386782232,41.72140339268822
2026-01-01,US,United States,Media & Communications,56.702013582747526,58.26746128388289
2026-01-01,US,United States,Medical Information,39.39677849446867,39.16668449498613
2026-01-01,US,United States,Medical Technician,33.86468886534363,34.07573299376785
2026-01-01,US,United States,Nursing,43.382948467302526,43.773510117436075
2026-01-01,US,United States,Personal Care & Home Health,68.43621057295562,68.4197955346299
2026-01-01,US,United States,Pharmacy,27.7551850345669,28.32424459297471
2026-01-01,US,United States,Physicians & Surgeons,33.13461363429507,33.18172114155667
2026-01-01,US,United States,Production & Manufacturing,50.546183569084725,51.341886462323835
2026-01-01,US,United States,Project Management,45.29080420766881,45.5272650559844
2026-01-01,US,United States,Retail,39.494204902252136,38.22988892365979
2026-01-01,US,United States,Sales,50.887812297552315,50.24304193850705
2026-01-01,US,United States,Scientific Research & Development,37.85718956385274,37.43370363517405
2026-01-01,US,United States,Security & Public Safety,61.07447810629311,62.03127493335656
2026-01-01,US,United States,Social Science,61.07307635064741,61.388025703857515
2026-01-01,US,United States,Software Development,41.5560956695259,41.13310819985505
2026-01-01,US,United States,Therapy,62.60427343127206,63.59973156985708
2026-02-01,US,United States,Accounting,47.888198190796984,48.10613645564745
2026-02-01,US,United States,Administrative Assistance,56.133580603812696,55.837968840482205
2026-02-01,US,United States,Architecture,48.84649511978705,47.62058004031099
2026-02-01,US,United States,Arts & Entertainment,50.89471082550667,50.11060425202601
2026-02-01,US,United States,Aviation,45.278891724389354,44.949880716555356
2026-02-01,US,United States,Banking & Finance,42.17843067001075,40.98505878349083
2026-02-01,US,United States,Childcare,82.02602500726955,81.73996889424046
2026-02-01,US,United States,Civil Engineering,43.68092691622103,42.80728974325632
2026-02-01,US,United States,Cleaning & Sanitation,63.86220953933959,63.63561804746979
2026-02-01,US,United States,Community & Social Service,68.93233194211987,68.88816562172025
2026-02-01,US,United States,Construction,57.363624512627254,56.80371222300778
2026-02-01,US,United States,Customer Service,44.32534064006512,43.62755646236474
2026-02-01,US,United States,Data & Analytics,41.44151774371136,39.940719918553945
2026-02-01,US,United States,Dental,74.38870103282497,73.38616937900618
2026-02-01,US,United States,Driving,62.37874405502502,62.88941171805203
2026-02-01,US,United States,Education & Instruction,53.477806962764504,53.88719921657574
2026-02-01,US,United States,Electrical Engineering,46.75007190106413,44.774186281931286
2026-02-01,US,United States,Food Preparation & Service,42.68681409807816,41.99473464458918
2026-02-01,US,United States,Hospitality & Tourism,57.12539811865788,56.08822825600665
2026-02-01,US,United States,Human Resources,50.01969899929084,50.23054295822224
2026-02-01,US,United States,"IT Infrastructure, Operations & Support",45.247432865311495,45.87455302374968
2026-02-01,US,United States,IT Systems & Solutions,40.61876966683481,40.863028080648824
2026-02-01,US,United States,Industrial Engineering,41.05331720480134,40.567139500334356
2026-02-01,US,United States,Installation & Maintenance,56.89132067855901,56.57636967474813
2026-02-01,US,United States,Insurance,55.11484875109828,55.61184494019036
2026-02-01,US,United States,Legal,62.50823632769602,62.71692909864432
2026-02-01,US,United States,Loading & Stocking,46.64426266708449,46.56253054641087
2026-02-01,US,United States,Logistic Support,50.62955301735768,50.48211013719109
2026-02-01,US,United States,Management,43.6599561285866,43.073225399728564
2026-02-01,US,United States,Marketing,56.0500897047897,54.72314270342338
2026-02-01,US,United States,Mechanical Engineering,43.222098036084944,42.23375993392137
2026-02-01,US,United States,Media & Communications,58.18885910038725,57.957554456850694
2026-02-01,US,United States,Medical Information,40.46802389909272,39.577685711157955
2026-02-01,US,United States,Medical Technician,35.158717479200206,34.31095530710547
2026-02-01,US,United States,Nursing,44.27470266894892,43.86539520824681
2026-02-01,US,United States,Personal Care & Home Health,67.28693748529457,68.17084460382559
2026-02-01,US,United States,Pharmacy,29.561270801815432,28.703686355780903
2026-02-01,US,United States,Physicians & Surgeons,32.79631053036126,32.975062280346755
2026-02-01,US,United States,Production & Manufacturing,52.03667479555697,51.262932960638864
2026-02-01,US,United States,Project Management,46.58982136838558,45.809588887601194
2026-02-01,US,United States,Retail,39.50469602307682,38.885357304686416
2026-02-01,US,United States,Sales,51.72961373390558,50.94297572845676
2026-02-01,US,United States,Scientific Research & Development,38.679155722920164,37.8338790240879
2026-02-01,US,United States,Security & Public Safety,61.43791837289775,61.54160138593668
2026-02-01,US,United States,Social Science,60.74024125271597,61.06860466528656
2026-02-01,US,United States,Software Development,42.340001263207284,41.53616848788645
2026-02-01,US,United States,Therapy,63.507956703730336,63.498187737070985
2026-03-01,US,United States,Accounting,47.64569189410853,47.788709963118954
2026-03-01,US,United States,Administrative Assistance,56.371774274306965,56.12223522219184
2026-03-01,US,United States,Architecture,48.884612643432405,48.39324639950214
2026-03-01,US,United States,Arts & Entertainment,51.93027945836934,51.04482595121254
2026-03-01,US,United States,Aviation,47.30120892218628,45.49779197549208
2026-03-01,US,United States,Banking & Finance,42.55651363318574,41.550387378943
2026-03-01,US,United States,Childcare,81.83875234978764,81.95907694690558
2026-03-01,US,United States,Civil Engineering,42.73103699322019,42.98595660968591
2026-03-01,US,United States,Cleaning & Sanitation,65.02400655344776,63.98647253576714
2026-03-01,US,United States,Community & Social Service,68.89385681103836,68.82675317070559
2026-03-01,US,United States,Construction,59.44009988828284,57.66669662429798
2026-03-01,US,United States,Customer Service,45.23494319598079,44.476795623752174
2026-03-01,US,United States,Data & Analytics,42.616806862663445,41.202789203437696
2026-03-01,US,United States,Dental,71.58441321824684,73.21412938292225
2026-03-01,US,United States,Driving,61.759963884947766,62.027505934370936
2026-03-01,US,United States,Education & Instruction,52.74305961141611,53.29052134226318
2026-03-01,US,United States,Electrical Engineering,45.97383107442668,45.8260429126903
2026-03-01,US,United States,Food Preparation & Service,43.542906079462114,42.65387015492845
2026-03-01,US,United States,Hospitality & Tourism,58.164777230281516,56.92009431314333
2026-03-01,US,United States,Human Resources,50.282829049770314,50.201856811707096
2026-03-01,US,United States,"IT Infrastructure, Operations & Support",45.706624233851954,45.55367023011928
2026-03-01,US,United States,IT Systems & Solutions,41.152243780502324,40.822838556227275
2026-03-01,US,United States,Industrial Engineering,41.162687231202725,40.83394547418936
2026-03-01,US,United States,Installation & Maintenance,57.473711126026785,56.750254419198434
2026-03-01,US,United States,Insurance,57.20490869986927,55.96049282285111
2026-03-01,US,United States,Legal,63.555039459819795,62.74359077036278
2026-03-01,US,United States,Loading & Stocking,47.190045919123094,46.77460108002352
2026-03-01,US,United States,Logistic Support,49.68732717913813,50.145526155505685
2026-03-01,US,United States,Management,42.93260312386664,43.1772378044785
2026-03-01,US,United States,Marketing,55.83253838262028,55.62131306191412
2026-03-01,US,United States,Mechanical Engineering,42.685330233968365,42.62461404595855
2026-03-01,US,United States,Media & Communications,57.98126215308468,57.62404494540649
2026-03-01,US,United States,Medical Information,40.587569809829944,40.150790734463776
2026-03-01,US,United States,Medical Technician,35.993132437392696,35.005512927312196
2026-03-01,US,United States,Nursing,44.27503532018103,43.977562152144124
2026-03-01,US,United States,Personal Care & Home Health,68.7249641785113,68.14937074558716
2026-03-01,US,United States,Pharmacy,28.98431048720066,28.76692210786099
2026-03-01,US,United States,Physicians & Surgeons,32.458476363468435,32.79646684270826
2026-03-01,US,United States,Production & Manufacturing,52.24961340522496,51.610823923288926
2026-03-01,US,United States,Project Management,46.97588911372985,46.285504896594716
2026-03-01,US,United States,Retail,40.22220905242998,39.740369992586324
2026-03-01,US,United States,Sales,49.83124230192965,50.816222777795865
2026-03-01,US,United States,Scientific Research & Development,39.16077712393175,38.565707470234905
2026-03-01,US,United States,Security & Public Safety,61.47157964787407,61.327992042354964
2026-03-01,US,United States,Social Science,59.361102875778236,60.39147349304718
2026-03-01,US,United States,Software Development,43.195983379501385,42.36402677074489
2026-03-01,US,United States,Therapy,64.57164248408125,63.56129087302791
2026-04-01,US,United States,Accounting,50.8726699614741,48.802186682126546
2026-04-01,US,United States,Administrative Assistance,56.565116118170714,56.356823665430134
2026-04-01,US,United States,Architecture,47.80772479459418,48.51294418593787
2026-04-01,US,United States,Arts & Entertainment,49.575125531093086,50.80003860498971
2026-04-01,US,United States,Aviation,49.29836284664216,47.29282116440597
2026-04-01,US,United States,Banking & Finance,42.95248947698891,42.56247792672845
2026-04-01,US,United States,Childcare,80.83617101778282,81.56698279161337
2026-04-01,US,United States,Civil Engineering,42.084242790136074,42.83206889985911
2026-04-01,US,United States,Cleaning & Sanitation,64.89264398108674,64.59295335795802
2026-04-01,US,United States,Community & Social Service,68.05806936122623,68.62808603812815
2026-04-01,US,United States,Construction,58.18343478558238,58.32905306216415
2026-04-01,US,United States,Customer Service,45.13202104286281,44.89743495963622
2026-04-01,US,United States,Data & Analytics,41.66319125865377,41.90717195500953
2026-04-01,US,United States,Dental,69.61219322654233,71.8617691592047
2026-04-01,US,United States,Driving,61.60206660678119,61.91359151558466
2026-04-01,US,United States,Education & Instruction,51.365766187516456,52.52887758723233
2026-04-01,US,United States,Electrical Engineering,45.08610521349375,45.93666939632816
2026-04-01,US,United States,Food Preparation & Service,45.114694543577144,43.78147157370582
2026-04-01,US,United States,Hospitality & Tourism,54.58197424892703,56.62404986595546
2026-04-01,US,United States,Human Resources,49.61250693660422,49.97167832855515
2026-04-01,US,United States,"IT Infrastructure, Operations & Support",45.871696314174194,45.60858447111255
2026-04-01,US,United States,IT Systems & Solutions,41.697513911112175,41.15617578614978
2026-04-01,US,United States,Industrial Engineering,41.81791221826809,41.34463888475739
2026-04-01,US,United States,Installation & Maintenance,57.217286988349535,57.194106264311756
2026-04-01,US,United States,Insurance,58.473945409429284,56.93123428679894
2026-04-01,US,United States,Legal,62.60117157805304,62.888149121856316
2026-04-01,US,United States,Loading & Stocking,46.556755322807255,46.79702130300493
2026-04-01,US,United States,Logistic Support,48.744332054412276,49.6870707503027
2026-04-01,US,United States,Management,43.26724857109369,43.28660260784898
2026-04-01,US,United States,Marketing,56.06876896202997,55.983799016479985
2026-04-01,US,United States,Mechanical Engineering,42.4239371347975,42.77712180161694
2026-04-01,US,United States,Media & Communications,57.30000611134878,57.82337578827357
2026-04-01,US,United States,Medical Information,38.816898243511474,39.957497317478044
2026-04-01,US,United States,Medical Technician,34.37234401623378,35.17473131094224
2026-04-01,US,United States,Nursing,42.92372273415191,43.82448690776059
2026-04-01,US,United States,Personal Care & Home Health,68.57322510575055,68.1950422565188
2026-04-01,US,United States,Pharmacy,27.094262988661367,28.546614759225815
2026-04-01,US,United States,Physicians & Surgeons,31.733026612255188,32.32927116869496
2026-04-01,US,United States,Production & Manufacturing,52.27807771335402,52.188121971378685
2026-04-01,US,United States,Project Management,46.82638456751712,46.797365016544155
2026-04-01,US,United States,Retail,40.096636141917074,39.94118040580796
2026-04-01,US,United States,Sales,51.20933264478552,50.92339622687359
2026-04-01,US,United States,Scientific Research & Development,39.75771252115561,39.199215122669194
2026-04-01,US,United States,Security & Public Safety,61.1145168283967,61.34133828305617
2026-04-01,US,United States,Social Science,58.494293239683934,59.531879122726025
2026-04-01,US,United States,Software Development,44.439118780067815,43.32503447425887
2026-04-01,US,United States,Therapy,63.05928117338448,63.71296012039871
2026-05-01,US,United States,Accounting,54.90998971007882,51.1427838552205
2026-05-01,US,United States,Administrative Assistance,56.40820377418554,56.44836472222108
2026-05-01,US,United States,Architecture,48.516965909989715,48.40310111600542
2026-05-01,US,United States,Arts & Entertainment,49.86936984010868,50.45825827652371
2026-05-01,US,United States,Aviation,45.700551896029914,47.43337455495282
2026-05-01,US,United States,Banking & Finance,43.557512487276,43.02217186581686
2026-05-01,US,United States,Childcare,79.53202458853856,80.73564931870305
2026-05-01,US,United States,Civil Engineering,42.04269887309211,42.28599288548279
2026-05-01,US,United States,Cleaning & Sanitation,64.79502576953993,64.90389210135815
2026-05-01,US,United States,Community & Social Service,67.47679297197652,68.14290638141368
2026-05-01,US,United States,Construction,58.19736796972364,58.60696754786295
2026-05-01,US,United States,Customer Service,44.40378197997775,44.92358207294043
2026-05-01,US,United States,Data & Analytics,42.02289083499523,42.10096298543749
2026-05-01,US,United States,Dental,69.14822782216758,70.11494475565225
2026-05-01,US,United States,Driving,61.33742595465361,61.566485482127526
2026-05-01,US,United States,Education & Instruction,50.21696923434337,51.44193167775862
2026-05-01,US,United States,Electrical Engineering,44.70604955232365,45.25532861341467
2026-05-01,US,United States,Food Preparation & Service,45.44833711420159,44.70197924574696
2026-05-01,US,United States,Hospitality & Tourism,55.05958677103167,55.93544608341339
2026-05-01,US,United States,Human Resources,50.528877476717895,50.14140448769749
2026-05-01,US,United States,"IT Infrastructure, Operations & Support",45.59724465847786,45.72518840216801
2026-05-01,US,United States,IT Systems & Solutions,41.89127124175107,41.58034297778853
2026-05-01,US,United States,Industrial Engineering,42.14390172565077,41.70816705837387
2026-05-01,US,United States,Installation & Maintenance,56.450760966875556,57.04725302708393
2026-05-01,US,United States,Insurance,57.273763776867526,57.65087262872203
2026-05-01,US,United States,Legal,62.59185495501682,62.91602199762992
2026-05-01,US,United States,Loading & Stocking,46.156141701963804,46.634314314631375
2026-05-01,US,United States,Logistic Support,48.52320675105485,48.98495532820177
2026-05-01,US,United States,Management,43.11965205486313,43.106501249941154
2026-05-01,US,United States,Marketing,54.593877287723245,55.49839487745783
2026-05-01,US,United States,Mechanical Engineering,41.835748792270536,42.315005387012135
2026-05-01,US,United States,Media & Communications,57.07574489992921,57.45233772145423
2026-05-01,US,United States,Medical Information,38.6947320253961,39.366400026245834
2026-05-01,US,United States,Medical Technician,34.3307583948673,34.898744949497946
2026-05-01,US,United States,Nursing,43.00487055831474,43.40120953754919
2026-05-01,US,United States,Personal Care & Home Health,67.89994909528437,68.39937945984873
2026-05-01,US,United States,Pharmacy,27.462645268400664,27.84707291475422
2026-05-01,US,United States,Physicians & Surgeons,30.969876879653512,31.720459951792378
2026-05-01,US,United States,Production & Manufacturing,52.40325425082355,52.31031512313422
2026-05-01,US,United States,Project Management,46.75136612021858,46.85121326715515
2026-05-01,US,United States,Retail,40.24475514159864,40.18786677864857
2026-05-01,US,United States,Sales,49.418820568818624,50.15313183851128
2026-05-01,US,United States,Scientific Research & Development,40.001164686699276,39.63988477726223
2026-05-01,US,United States,Security & Public Safety,61.077462543831686,61.22118634003416
2026-05-01,US,United States,Social Science,57.322113965160916,58.39250336020768
2026-05-01,US,United States,Software Development,45.21886573557628,44.284655965048536
2026-05-01,US,United States,Therapy,63.59667218098721,63.742531946151
2026-06-01,US,United States,Accounting,55.24990830582508,53.67752265912602
2026-06-01,US,United States,Administrative Assistance,56.487476183391486,56.48693202524925
2026-06-01,US,United States,Architecture,49.128096479791395,48.484262394791756
2026-06-01,US,United States,Arts & Entertainment,50.93377666943751,50.1260906802131
2026-06-01,US,United States,Aviation,45.631756158071944,46.87689030024804
2026-06-01,US,United States,Banking & Finance,44.723054804201084,43.7443522561553
2026-06-01,US,United States,Childcare,79.70990330110037,80.02603296914064
2026-06-01,US,United States,Civil Engineering,43.88185654008439,42.66959940110419
2026-06-01,US,United States,Cleaning & Sanitation,64.72174096083162,64.80313690381945
2026-06-01,US,United States,Community & Social Service,67.48846808846584,67.67444347388953
2026-06-01,US,United States,Construction,58.074530509530916,58.15177775494564
2026-06-01,US,United States,Customer Service,44.96609990247112,44.83396764177053
2026-06-01,US,United States,Data & Analytics,43.87605182316015,42.52071130560305
2026-06-01,US,United States,Dental,69.51888418743144,69.42643507871378
2026-06-01,US,United States,Driving,60.051447741703065,60.99698010104597
2026-06-01,US,United States,Education & Instruction,50.65148219311184,50.74473920499053
2026-06-01,US,United States,Electrical Engineering,46.15045979260419,45.31420485280717
2026-06-01,US,United States,Food Preparation & Service,44.924268977346024,45.1624335450416
2026-06-01,US,United States,Hospitality & Tourism,56.10706159126846,55.24954087040904
2026-06-01,US,United States,Human Resources,51.28498999592067,50.47545813641428
2026-06-01,US,United States,"IT Infrastructure, Operations & Support",47.806039879080274,46.42499361724412
2026-06-01,US,United States,IT Systems & Solutions,41.48179257868472,41.690192577182664
2026-06-01,US,United States,Industrial Engineering,43.91747052518757,42.62642815636881
2026-06-01,US,United States,Installation & Maintenance,57.333488567871825,57.00051217436561
2026-06-01,US,United States,Insurance,62.338988375746155,59.362232520681
2026-06-01,US,United States,Legal,63.426580013186395,62.87320218208546
2026-06-01,US,United States,Loading & Stocking,47.02995816563237,46.580951730134466
2026-06-01,US,United States,Logistic Support,49.33694181326116,48.86816020624278
2026-06-01,US,United States,Management,44.37924154713502,43.58871405769728
2026-06-01,US,United States,Marketing,56.640199592103436,55.767615280618884
2026-06-01,US,United States,Mechanical Engineering,42.38452262360405,42.21473618355736
2026-06-01,US,United States,Media & Communications,58.61704237456205,57.664264461946686
2026-06-01,US,United States,Medical Information,39.908615168319926,39.140081812409164
2026-06-01,US,United States,Medical Technician,35.68270608007734,34.7952694970595
2026-06-01,US,United States,Nursing,44.161014598724186,43.363202630396906
2026-06-01,US,United States,Personal Care & Home Health,70.21311571655022,68.89542997252836
2026-06-01,US,United States,Pharmacy,27.79809802487198,27.45166876064466
2026-06-01,US,United States,Physicians & Surgeons,30.969072856567827,31.223992116158843
2026-06-01,US,United States,Production & Manufacturing,52.655628203743554,52.445653389307076
2026-06-01,US,United States,Project Management,47.85260867769164,47.14345312180908
2026-06-01,US,United States,Retail,40.42319921061287,40.25486349804287
2026-06-01,US,United States,Sales,50.71833093694064,50.44882805018161
2026-06-01,US,United States,Scientific Research & Development,40.59574987042288,40.11820902609261
2026-06-01,US,United States,Security & Public Safety,61.74852562441902,61.31350166554913
2026-06-01,US,United States,Social Science,56.607724523033966,57.474710575959584
2026-06-01,US,United States,Software Development,46.9682706683648,45.542085061336344
2026-06-01,US,United States,Therapy,64.15873199705501,63.604895117142256
2026-07-01,US,United States,Accounting,56.66238910896614,55.607429041623355
2026-07-01,US,United States,Administrative Assistance,56.81189603863442,56.56919199873715
2026-07-01,US,United States,Architecture,49.37896070975919,49.00800769984676
2026-07-01,US,United States,Arts & Entertainment,51.45397606531708,50.7523741916211
2026-07-01,US,United States,Aviation,45.58162755866201,45.63797853758799
2026-07-01,US,United States,Banking & Finance,45.47214090436213,44.584236065279704
2026-07-01,US,United States,Childcare,81.37775570244145,80.20656119736019
2026-07-01,US,United States,Civil Engineering,45.2399202820788,43.721491898418435
2026-07-01,US,United States,Cleaning & Sanitation,65.3774933402638,64.96475335687848
2026-07-01,US,United States,Community & Social Service,68.08992591331005,67.68506232458412
2026-07-01,US,United States,Construction,59.17802030577549,58.48330626167668
2026-07-01,US,United States,Customer Service,45.33280559403654,44.9008958254951
2026-07-01,US,United States,Data & Analytics,44.44545661580506,43.44813309132015
2026-07-01,US,United States,Dental,69.83992176240477,69.50234459066792
2026-07-01,US,United States,Driving,60.26407587532192,60.55098319055954
2026-07-01,US,United States,Education & Instruction,52.94237214638685,51.27027452461399
2026-07-01,US,United States,Electrical Engineering,47.31000387747189,46.05550440746655
2026-07-01,US,United States,Food Preparation & Service,46.14939313494026,45.50733307549597
2026-07-01,US,United States,Hospitality & Tourism,58.31123965614204,56.492629339480715
2026-07-01,US,United States,Human Resources,52.27051825356712,51.36146190873524
2026-07-01,US,United States,"IT Infrastructure, Operations & Support",49.75199482423981,47.71842645393266
2026-07-01,US,United States,IT Systems & Solutions,43.29485463133699,42.22263948392427
2026-07-01,US,United States,Industrial Engineering,44.658540167425464,43.57330413942126
2026-07-01,US,United States,Installation & Maintenance,57.56239719903632,57.11554891126121
2026-07-01,US,United States,Insurance,64.22897946084724,61.280577204486974
2026-07-01,US,United States,Legal,64.64910656420702,63.555847177470106
2026-07-01,US,United States,Loading & Stocking,45.278660672527174,46.1549201800411
2026-07-01,US,United States,Logistic Support,49.66488542704465,49.17501133045357
2026-07-01,US,United States,Management,44.97501538034286,44.15796966078034
2026-07-01,US,United States,Marketing,55.11338585695938,55.44915424559536
2026-07-01,US,United States,Mechanical Engineering,43.562702307611985,42.59432457449552
2026-07-01,US,United States,Media & Communications,60.821118259600716,58.837968511364004
2026-07-01,US,United States,Medical Information,40.47952639368525,39.694291195800425
2026-07-01,US,United States,Medical Technician,35.85267787724638,35.28871411739703
2026-07-01,US,United States,Nursing,44.603216919932464,43.923034025657095
2026-07-01,US,United States,Personal Care & Home Health,67.88641824091958,68.66649435091803
2026-07-01,US,United States,Pharmacy,26.62887672660933,27.296540006627314
2026-07-01,US,United States,Physicians & Surgeons,32.733144652996025,31.557364796405793
2026-07-01,US,United States,Production & Manufacturing,53.217663021133134,52.75884849190012
2026-07-01,US,United States,Project Management,49.06877088851599,47.8909152288087
2026-07-01,US,United States,Retail,41.24484727449625,40.63760054223594
2026-07-01,US,United States,Sales,51.363885338689066,50.500345614816126
2026-07-01,US,United States,Scientific Research & Development,39.939251177783284,40.178721911635165
2026-07-01,US,United States,Security & Public Safety,62.08723264583301,61.637740271361245
2026-07-01,US,United States,Social Science,56.04701024378623,56.65894957732701
2026-07-01,US,United States,Software Development,48.14901156284968,46.77871598893031
2026-07-01,US,United States,Therapy,65.37079049544413,64.37539822449547
2026-08-01,US,United States,Accounting,53.07900364825764,54.99710035434962
2026-08-01,US,United States,Administrative Assistance,57.71130258683276,57.00355826961955
2026-08-01,US,United States,Architecture,50.19147306612203,49.56617675189086
2026-08-01,US,United States,Arts & Entertainment,52.18398411647915,51.523912283744586
2026-08-01,US,United States,Aviation,47.029034436191765,46.08080605097527
2026-08-01,US,United States,Banking & Finance,45.53582304075617,45.24367291643977
2026-08-01,US,United States,Childcare,82.48335379235948,81.19033759863383
2026-08-01,US,United States,Civil Engineering,44.51297740057239,44.544918074245196
2026-08-01,US,United States,Cleaning & Sanitation,65.01308435369754,65.03743955159767
2026-08-01,US,United States,Community & Social Service,68.88400313597164,68.15413237924916
2026-08-01,US,United States,Construction,59.25190334326382,58.83481805285674
2026-08-01,US,United States,Customer Service,46.25696864628666,45.51862471426474
2026-08-01,US,United States,Data & Analytics,46.17239026609052,44.831299568351916
2026-08-01,US,United States,Dental,69.6524996770443,69.67043520896016
2026-08-01,US,United States,Driving,63.710806078933935,61.34210989865298
2026-08-01,US,United States,Education & Instruction,54.94772877678869,52.847194372095764
2026-08-01,US,United States,Electrical Engineering,47.95253606328525,47.137666577787094
2026-08-01,US,United States,Food Preparation & Service,48.27572296063527,46.4497950243072
2026-08-01,US,United States,Hospitality & Tourism,58.71221044365921,57.7101705636899
2026-08-01,US,United States,Human Resources,51.647187866409475,51.73423203863243
2026-08-01,US,United States,"IT Infrastructure, Operations & Support",50.466642581888244,49.34155909506944
2026-08-01,US,United States,IT Systems & Solutions,44.372664042969234,43.04977041766366
2026-08-01,US,United States,Industrial Engineering,45.91830937908311,44.8314400238987
2026-08-01,US,United States,Installation & Maintenance,57.14640514978823,57.34743030556543
2026-08-01,US,United States,Insurance,63.49605909297239,63.35467564318859
2026-08-01,US,United States,Legal,64.91268863208315,64.32945840315888
2026-08-01,US,United States,Loading & Stocking,47.40601684717208,46.57154522844386
2026-08-01,US,United States,Logistic Support,50.833995234312944,49.94527415820627
2026-08-01,US,United States,Management,45.09181450357921,44.815357143685695
2026-08-01,US,United States,Marketing,57.48769064489012,56.41375869798432
2026-08-01,US,United States,Mechanical Engineering,44.22536624523379,43.39086372548328
2026-08-01,US,United States,Media & Communications,60.48547552725826,59.97454538714035
2026-08-01,US,United States,Medical Information,40.3289395085819,40.239027023529026
2026-08-01,US,United States,Medical Technician,37.48786634725846,36.34108343486074
2026-08-01,US,United States,Nursing,45.48060951282966,44.74828034382873
2026-08-01,US,United States,Personal Care & Home Health,68.40559180735201,68.83504192160724
2026-08-01,US,United States,Pharmacy,30.765961967491766,28.397645572991014
2026-08-01,US,United States,Physicians & Surgeons,34.082049696907255,32.594755735490374
2026-08-01,US,United States,Production & Manufacturing,53.44042004803741,53.10457042430474
2026-08-01,US,United States,Project Management,48.886695184819565,48.6026915836757
2026-08-01,US,United States,Retail,42.708683491155405,41.458909992088195
2026-08-01,US,United States,Sales,50.93090311496228,51.004373130197344
2026-08-01,US,United States,Scientific Research & Development,40.19480519480519,40.24326874767047
2026-08-01,US,United States,Security & Public Safety,63.73432391361076,62.52336072795426
2026-08-01,US,United States,Social Science,58.4956573066869,57.050130691168995
2026-08-01,US,United States,Software Development,49.11658825370812,48.077956828307585
2026-08-01,US,United States,Therapy,65.55298797082078,65.02750348777332
